"source_image","candidate_image","phash_distance","dhash_distance","edge_distance","visual_distance","orb_keypoints_source","orb_keypoints_candidate","orb_good_matches","orb_inlier_matches","orb_score","combined_score","match_band"
"C:\Users\ron\Documents\project\images\fig_330.jpg","C:\Users\ron\Documents\project\digital-benin-bloom\public\benin_output\atlas\oxford\1901.53.4.png","18","18","12","16.5","341","2433","11","5","0.01466","84.96628","possible"
"C:\Users\ron\Documents\project\images\fig_330h.jpg","C:\Users\ron\Documents\project\digital-benin-bloom\public\benin_output\atlas\oxford\1901.53.4.png","18","17","14","16.75","1521","2433","25","0","0.0","83.25","possible"
"C:\Users\ron\Documents\project\images\fig_142.jpg","C:\Users\ron\Documents\project\digital-benin-bloom\public\benin_output\atlas\oxford\1901.53.3.png","14","16","28","18.0","1668","2224","11","5","0.003","82.29976","possible"
"C:\Users\ron\Documents\project\images\fig_296.jpg","C:\Users\ron\Documents\project\digital-benin-bloom\public\benin_output\atlas\oxford\1941.2.117.png","20","14","19","18.25","1554","2500","7","4","0.00257","82.0074","weak"
"C:\Users\ron\Documents\project\images\fig_279.jpg","C:\Users\ron\Documents\project\digital-benin-bloom\public\benin_output\atlas\oxford\1908.41.3.png","14","15","31","18.5","1654","2500","10","5","0.00302","81.8023","weak"
"C:\Users\ron\Documents\project\images\fig_279h.jpg","C:\Users\ron\Documents\project\digital-benin-bloom\public\benin_output\atlas\oxford\1908.41.3.png","14","15","32","18.75","2500","2500","12","4","0.0016","81.41","weak"
"C:\Users\ron\Documents\project\images\fig_296h.jpg","C:\Users\ron\Documents\project\digital-benin-bloom\public\benin_output\atlas\oxford\1941.2.117.png","20","14","21","18.75","2500","2500","7","4","0.0016","81.41","weak"
"C:\Users\ron\Documents\project\images\fig_339.jpg","C:\Users\ron\Documents\project\digital-benin-bloom\public\benin_output\atlas\oxford\1941.2.117.png","20","22","13","18.75","291","2500","1","0","0.0","81.25","weak"
"C:\Users\ron\Documents\project\images\fig_290.jpg","C:\Users\ron\Documents\project\digital-benin-bloom\public\benin_output\atlas\oxford\1909.61.2.png","16","19","26","19.25","1962","2476","8","4","0.00204","80.95387","weak"
"C:\Users\ron\Documents\project\images\fig_378.jpg","C:\Users\ron\Documents\project\digital-benin-bloom\public\benin_output\atlas\oxford\1909.61.3.png","18","19","25","20.0","421","2485","4","4","0.0095","80.95012","weak"
"C:\Users\ron\Documents\project\images\fig_256h.jpg","C:\Users\ron\Documents\project\digital-benin-bloom\public\benin_output\atlas\oxford\1909.1.2.png","16","19","27","19.5","1435","2320","7","4","0.00279","80.77875","weak"
"C:\Users\ron\Documents\project\images\fig_261.jpg","C:\Users\ron\Documents\project\digital-benin-bloom\public\benin_output\atlas\oxford\1941.2.117.png","18","22","21","19.75","1115","2500","8","5","0.00448","80.69843","weak"
"C:\Users\ron\Documents\project\images\fig_261h.jpg","C:\Users\ron\Documents\project\digital-benin-bloom\public\benin_output\atlas\oxford\1941.2.117.png","18","22","21","19.75","2040","2500","17","6","0.00294","80.54412","weak"
"C:\Users\ron\Documents\project\images\fig_378h.jpg","C:\Users\ron\Documents\project\digital-benin-bloom\public\benin_output\atlas\oxford\1991.13.36.png","20","16","23","19.75","1893","2500","20","5","0.00264","80.51413","weak"
"C:\Users\ron\Documents\project\images\fig_292.jpg","C:\Users\ron\Documents\project\digital-benin-bloom\public\benin_output\atlas\oxford\1991.13.34.png","18","13","30","19.75","2437","2424","4","4","0.00165","80.41502","weak"
"C:\Users\ron\Documents\project\images\fig_025.jpg","C:\Users\ron\Documents\project\digital-benin-bloom\public\benin_output\atlas\oxford\1941.2.124.png","18","19","24","19.75","2474","2500","7","4","0.00162","80.41168","weak"
"C:\Users\ron\Documents\project\images\fig_025h.jpg","C:\Users\ron\Documents\project\digital-benin-bloom\public\benin_output\atlas\oxford\1941.2.124.png","18","19","24","19.75","2500","2500","6","4","0.0016","80.41","weak"
"C:\Users\ron\Documents\project\images\fig_116.jpg","C:\Users\ron\Documents\project\digital-benin-bloom\public\benin_output\atlas\oxford\1909.61.2.png","20","22","18","20.0","1532","2476","10","4","0.00261","80.2611","weak"
"C:\Users\ron\Documents\project\images\fig_256.jpg","C:\Users\ron\Documents\project\digital-benin-bloom\public\benin_output\atlas\oxford\1909.1.2.png","16","19","28","19.75","22","2320","0","0","0.0","80.25","weak"
"C:\Users\ron\Documents\project\images\fig_339h.jpg","C:\Users\ron\Documents\project\digital-benin-bloom\public\benin_output\atlas\oxford\1941.2.117.png","20","22","19","20.25","1431","2500","4","4","0.0028","80.02952","weak"
"C:\Users\ron\Documents\project\images\fig_038.jpg","C:\Users\ron\Documents\project\digital-benin-bloom\public\benin_output\atlas\oxford\1991.13.16.png","14","21","34","20.75","1347","1985","6","4","0.00297","79.54696","weak"
"C:\Users\ron\Documents\project\images\fig_104h.jpg","C:\Users\ron\Documents\project\digital-benin-bloom\public\benin_output\atlas\oxford\1991.13.20.png","20","31","11","20.5","239","1336","2","0","0.0","79.5","weak"
"C:\Users\ron\Documents\project\images\fig_323.jpg","C:\Users\ron\Documents\project\digital-benin-bloom\public\benin_output\atlas\oxford\1908.41.3.png","18","25","22","20.75","2029","2500","4","4","0.00197","79.44714","weak"
"C:\Users\ron\Documents\project\images\fig_286.jpg","C:\Users\ron\Documents\project\digital-benin-bloom\public\benin_output\atlas\oxford\1900.39.8.png","18","12","35","20.75","2436","2500","6","4","0.00164","79.4142","weak"
"C:\Users\ron\Documents\project\images\fig_166h.jpg","C:\Users\ron\Documents\project\digital-benin-bloom\public\benin_output\atlas\oxford\1991.13.17.1.png","18","22","26","21.0","2137","2453","10","6","0.00281","79.28077","weak"
"C:\Users\ron\Documents\project\images\fig_286h.jpg","C:\Users\ron\Documents\project\digital-benin-bloom\public\benin_output\atlas\oxford\1900.39.8.png","18","12","37","21.25","2500","2500","8","5","0.002","78.95","weak"
"C:\Users\ron\Documents\project\images\fig_104.jpg","C:\Users\ron\Documents\project\digital-benin-bloom\public\benin_output\atlas\oxford\1991.13.20.png","20","33","12","21.25","0","1336","0","0","0.0","78.75","weak"
"C:\Users\ron\Documents\project\images\fig_166.jpg","C:\Users\ron\Documents\project\digital-benin-bloom\public\benin_output\atlas\oxford\1991.13.17.1.png","18","23","26","21.25","721","2453","7","0","0.0","78.75","weak"
"C:\Users\ron\Documents\project\images\fig_028.jpg","C:\Users\ron\Documents\project\digital-benin-bloom\public\benin_output\atlas\oxford\1900.39.5.png","20","23","23","21.5","1892","2176","9","4","0.00211","78.71142","weak"
"C:\Users\ron\Documents\project\images\fig_161h.jpg","C:\Users\ron\Documents\project\digital-benin-bloom\public\benin_output\atlas\oxford\1991.13.5.png","18","13","37","21.5","2478","2500","5","4","0.00161","78.66142","weak"
"C:\Users\ron\Documents\project\images\fig_007h.jpg","C:\Users\ron\Documents\project\digital-benin-bloom\public\benin_output\atlas\oxford\1991.13.33.png","18","17","33","21.5","2500","2500","8","4","0.0016","78.66","weak"
"C:\Users\ron\Documents\project\images\fig_194.jpg","C:\Users\ron\Documents\project\digital-benin-bloom\public\benin_output\atlas\oxford\1900.74.3.png","18","22","29","21.75","1269","2382","7","4","0.00315","78.56521","weak"
"C:\Users\ron\Documents\project\images\fig_028h.jpg","C:\Users\ron\Documents\project\digital-benin-bloom\public\benin_output\atlas\oxford\1900.39.5.png","20","23","23","21.5","2500","2176","3","0","0.0","78.5","weak"
"C:\Users\ron\Documents\project\images\fig_241.jpg","C:\Users\ron\Documents\project\digital-benin-bloom\public\benin_output\atlas\oxford\1900.74.2.png","22","23","20","21.75","1835","2500","4","4","0.00218","78.46798","weak"
"C:\Users\ron\Documents\project\images\fig_161.jpg","C:\Users\ron\Documents\project\digital-benin-bloom\public\benin_output\atlas\oxford\1991.13.16.png","18","24","28","22.0","1396","1985","10","6","0.0043","78.4298","weak"
"C:\Users\ron\Documents\project\images\fig_248h.jpg","C:\Users\ron\Documents\project\digital-benin-bloom\public\benin_output\atlas\oxford\1901.53.2.png","24","18","21","21.75","2500","2465","10","4","0.00162","78.41227","weak"
"C:\Users\ron\Documents\project\images\fig_336.jpg","C:\Users\ron\Documents\project\digital-benin-bloom\public\benin_output\atlas\oxford\1991.13.20.png","18","22","30","22.0","2292","1336","9","4","0.00299","78.2994","weak"
"C:\Users\ron\Documents\project\images\fig_264.jpg","C:\Users\ron\Documents\project\digital-benin-bloom\public\benin_output\atlas\oxford\1991.13.16.png","18","21","31","22.0","1808","1985","12","5","0.00277","78.27655","weak"
"C:\Users\ron\Documents\project\images\fig_248.jpg","C:\Users\ron\Documents\project\digital-benin-bloom\public\benin_output\atlas\oxford\1901.53.2.png","24","18","22","22.0","2021","2465","10","5","0.00247","78.2474","weak"
"C:\Users\ron\Documents\project\images\fig_388.jpg","C:\Users\ron\Documents\project\digital-benin-bloom\public\benin_output\atlas\oxford\1932.88.863.png","24","11","29","22.0","1673","2276","8","4","0.00239","78.23909","weak"
"C:\Users\ron\Documents\project\images\fig_033.jpg","C:\Users\ron\Documents\project\digital-benin-bloom\public\benin_output\atlas\oxford\1991.13.14.png","24","20","20","22.0","1852","2500","7","4","0.00216","78.21598","weak"
"C:\Users\ron\Documents\project\images\fig_360.jpg","C:\Users\ron\Documents\project\digital-benin-bloom\public\benin_output\atlas\oxford\1965.9.1.png","26","15","21","22.0","1887","2500","11","4","0.00212","78.21198","weak"
"C:\Users\ron\Documents\project\images\fig_013.jpg","C:\Users\ron\Documents\project\digital-benin-bloom\public\benin_output\atlas\oxford\1983.25.1.png","22","21","23","22.0","1908","2500","6","4","0.0021","78.20964","weak"
"C:\Users\ron\Documents\project\images\fig_336h.jpg","C:\Users\ron\Documents\project\digital-benin-bloom\public\benin_output\atlas\oxford\1991.13.20.png","18","22","31","22.25","2500","1336","15","6","0.00449","78.1991","weak"
"C:\Users\ron\Documents\project\images\fig_117.jpg","C:\Users\ron\Documents\project\digital-benin-bloom\public\benin_output\atlas\oxford\1900.39.26.png","22","17","27","22.0","2468","2500","4","4","0.00162","78.16207","weak"
"C:\Users\ron\Documents\project\images\fig_134.jpg","C:\Users\ron\Documents\project\digital-benin-bloom\public\benin_output\atlas\oxford\1991.13.3.png","22","20","24","22.0","2476","2498","10","4","0.00162","78.16155","weak"
"C:\Users\ron\Documents\project\images\fig_314h.jpg","C:\Users\ron\Documents\project\digital-benin-bloom\public\benin_output\atlas\oxford\1900.1.4.png","24","23","17","22.0","2500","2500","8","4","0.0016","78.16","weak"
"C:\Users\ron\Documents\project\images\fig_275.jpg","C:\Users\ron\Documents\project\digital-benin-bloom\public\benin_output\atlas\oxford\1995.1.2.png","28","22","12","22.5","1198","2412","7","7","0.00584","78.08431","weak"
"C:\Users\ron\Documents\project\images\fig_304.jpg","C:\Users\ron\Documents\project\digital-benin-bloom\public\benin_output\atlas\oxford\1991.13.23.png","18","27","26","22.25","1234","2500","4","4","0.00324","78.07415","weak"
"C:\Users\ron\Documents\project\images\fig_267h.jpg","C:\Users\ron\Documents\project\digital-benin-bloom\public\benin_output\atlas\oxford\1991.13.8.png","22","19","26","22.25","1941","2500","15","6","0.00309","78.05912","weak"
"C:\Users\ron\Documents\project\images\fig_314.jpg","C:\Users\ron\Documents\project\digital-benin-bloom\public\benin_output\atlas\oxford\1900.1.4.png","24","24","17","22.25","1342","2500","9","4","0.00298","78.04806","weak"
"C:\Users\ron\Documents\project\images\fig_184h.jpg","C:\Users\ron\Documents\project\digital-benin-bloom\public\benin_output\atlas\oxford\1938.34.94_1.png","22","19","26","22.25","2500","2240","19","5","0.00223","77.97321","weak"
"C:\Users\ron\Documents\project\images\fig_112.jpg","C:\Users\ron\Documents\project\digital-benin-bloom\public\benin_output\atlas\oxford\1991.13.16.png","20","15","34","22.25","2443","1985","10","4","0.00202","77.95151","weak"
"C:\Users\ron\Documents\project\images\fig_194h.jpg","C:\Users\ron\Documents\project\digital-benin-bloom\public\benin_output\atlas\oxford\1900.74.3.png","18","22","31","22.25","2115","2382","8","4","0.00189","77.93913","weak"
"C:\Users\ron\Documents\project\images\fig_275h.jpg","C:\Users\ron\Documents\project\digital-benin-bloom\public\benin_output\atlas\oxford\1900.39.24.png","24","23","18","22.25","2142","2500","9","4","0.00187","77.93674","weak"
"C:\Users\ron\Documents\project\images\fig_007.jpg","C:\Users\ron\Documents\project\digital-benin-bloom\public\benin_output\atlas\oxford\1991.13.33.png","18","18","35","22.25","2365","2500","4","4","0.00169","77.91913","weak"
"C:\Users\ron\Documents\project\images\fig_361.jpg","C:\Users\ron\Documents\project\digital-benin-bloom\public\benin_output\atlas\oxford\1965.9.1.png","20","24","25","22.25","2441","2500","12","3","0.00123","77.8729","weak"
"C:\Users\ron\Documents\project\images\fig_135.jpg","C:\Users\ron\Documents\project\digital-benin-bloom\public\benin_output\atlas\oxford\1975.7.2_1.png","20","28","23","22.75","685","2500","4","4","0.00584","77.83394","weak"
"C:\Users\ron\Documents\project\images\fig_362h.jpg","C:\Users\ron\Documents\project\digital-benin-bloom\public\benin_output\atlas\oxford\1991.13.24.png","22","21","25","22.5","2500","2500","18","8","0.0032","77.82","weak"
"C:\Users\ron\Documents\project\images\fig_328h.jpg","C:\Users\ron\Documents\project\digital-benin-bloom\public\benin_output\atlas\oxford\1900.74.3.png","20","19","31","22.5","2192","2382","23","7","0.00319","77.81934","weak"
"C:\Users\ron\Documents\project\images\fig_328.jpg","C:\Users\ron\Documents\project\digital-benin-bloom\public\benin_output\atlas\oxford\1900.74.3.png","20","19","31","22.5","1392","2382","6","4","0.00287","77.78736","weak"
"C:\Users\ron\Documents\project\images\fig_184.jpg","C:\Users\ron\Documents\project\digital-benin-bloom\public\benin_output\atlas\oxford\1938.34.94_1.png","22","19","26","22.25","2349","2240","2","0","0.0","77.75","weak"
"C:\Users\ron\Documents\project\images\fig_362.jpg","C:\Users\ron\Documents\project\digital-benin-bloom\public\benin_output\atlas\oxford\1991.13.24.png","22","22","24","22.5","1635","2500","9","4","0.00245","77.74465","weak"
"C:\Users\ron\Documents\project\images\fig_365.jpg","C:\Users\ron\Documents\project\digital-benin-bloom\public\benin_output\atlas\oxford\1975.7.2_1.png","28","24","10","22.5","1737","2500","12","4","0.0023","77.73028","weak"
"C:\Users\ron\Documents\project\images\fig_047h.jpg","C:\Users\ron\Documents\project\digital-benin-bloom\public\benin_output\atlas\oxford\1970.16.1.png","18","23","31","22.5","2292","2500","8","4","0.00175","77.67452","weak"
"C:\Users\ron\Documents\project\images\fig_304h.jpg","C:\Users\ron\Documents\project\digital-benin-bloom\public\benin_output\atlas\oxford\1991.13.21.png","18","27","27","22.5","2407","2500","11","4","0.00166","77.66618","weak"
"C:\Users\ron\Documents\project\images\fig_047.jpg","C:\Users\ron\Documents\project\digital-benin-bloom\public\benin_output\atlas\oxford\1970.16.1.png","18","24","31","22.75","1088","2500","4","4","0.00368","77.61765","weak"
"C:\Users\ron\Documents\project\images\fig_340.jpg","C:\Users\ron\Documents\project\digital-benin-bloom\public\benin_output\atlas\oxford\1909.61.2.png","24","21","22","22.75","1146","2476","18","4","0.00349","77.59904","weak"
"C:\Users\ron\Documents\project\images\fig_295h.jpg","C:\Users\ron\Documents\project\digital-benin-bloom\public\benin_output\atlas\oxford\1983.25.1.png","20","19","31","22.5","2211","2500","9","2","0.0009","77.59046","weak"
"C:\Users\ron\Documents\project\images\fig_341.jpg","C:\Users\ron\Documents\project\digital-benin-bloom\public\benin_output\atlas\oxford\1938.34.94_1.png","18","24","31","22.75","1461","2240","6","4","0.00274","77.52379","weak"
"C:\Users\ron\Documents\project\images\fig_186.jpg","C:\Users\ron\Documents\project\digital-benin-bloom\public\benin_output\atlas\oxford\1965.9.1.png","20","5","45","22.5","1133","2500","3","0","0.0","77.5","weak"
"C:\Users\ron\Documents\project\images\fig_298.jpg","C:\Users\ron\Documents\project\digital-benin-bloom\public\benin_output\atlas\oxford\1991.13.8.png","22","22","26","23.0","1257","2500","12","6","0.00477","77.47733","weak"
"C:\Users\ron\Documents\project\images\fig_354.jpg","C:\Users\ron\Documents\project\digital-benin-bloom\public\benin_output\atlas\oxford\1900.74.3.png","24","19","24","22.75","932","2382","13","2","0.00215","77.46459","weak"
"C:\Users\ron\Documents\project\images\fig_354h.jpg","C:\Users\ron\Documents\project\digital-benin-bloom\public\benin_output\atlas\oxford\1900.74.3.png","24","19","24","22.75","2393","2382","15","5","0.0021","77.45991","weak"
"C:\Users\ron\Documents\project\images\fig_013h.jpg","C:\Users\ron\Documents\project\digital-benin-bloom\public\benin_output\atlas\oxford\1983.25.1.png","22","21","26","22.75","2469","2500","15","5","0.00203","77.45251","weak"
"C:\Users\ron\Documents\project\images\fig_349.jpg","C:\Users\ron\Documents\project\digital-benin-bloom\public\benin_output\atlas\oxford\1970.16.1.png","18","21","34","22.75","2267","2500","9","4","0.00176","77.42644","weak"
"C:\Users\ron\Documents\project\images\fig_134h.jpg","C:\Users\ron\Documents\project\digital-benin-bloom\public\benin_output\atlas\oxford\1991.13.3.png","22","20","27","22.75","2500","2498","7","4","0.0016","77.41013","weak"
"C:\Users\ron\Documents\project\images\fig_170.jpg","C:\Users\ron\Documents\project\digital-benin-bloom\public\benin_output\atlas\oxford\1901.53.3.png","24","20","24","23.0","1228","2224","9","5","0.00407","77.40717","weak"
"C:\Users\ron\Documents\project\images\fig_267.jpg","C:\Users\ron\Documents\project\digital-benin-bloom\public\benin_output\atlas\oxford\1991.13.8.png","24","18","26","23.0","877","2500","13","3","0.00342","77.34208","weak"
"C:\Users\ron\Documents\project\images\fig_176.jpg","C:\Users\ron\Documents\project\digital-benin-bloom\public\benin_output\atlas\oxford\1900.74.1.png","20","20","32","23.0","1354","2052","10","4","0.00295","77.29542","weak"
"C:\Users\ron\Documents\project\images\fig_254.jpg","C:\Users\ron\Documents\project\digital-benin-bloom\public\benin_output\atlas\oxford\1991.13.16.png","22","20","28","23.0","2322","1985","11","5","0.00252","77.25189","weak"
"C:\Users\ron\Documents\project\images\fig_010.jpg","C:\Users\ron\Documents\project\digital-benin-bloom\public\benin_output\atlas\oxford\1991.13.3.png","20","20","31","22.75","2369","2498","5","0","0.0","77.25","weak"
"C:\Users\ron\Documents\project\images\fig_361h.jpg","C:\Users\ron\Documents\project\digital-benin-bloom\public\benin_output\atlas\oxford\1965.9.1.png","20","24","27","22.75","2500","2500","5","0","0.0","77.25","weak"
"C:\Users\ron\Documents\project\images\fig_009h.jpg","C:\Users\ron\Documents\project\digital-benin-bloom\public\benin_output\atlas\oxford\1900.74.2.png","26","22","18","23.0","2500","2500","17","6","0.0024","77.24","weak"
"C:\Users\ron\Documents\project\images\fig_131.jpg","C:\Users\ron\Documents\project\digital-benin-bloom\public\benin_output\atlas\oxford\1966.13.1_2.png","26","15","25","23.0","2500","2500","9","6","0.0024","77.24","weak"
"C:\Users\ron\Documents\project\images\fig_341h.jpg","C:\Users\ron\Documents\project\digital-benin-bloom\public\benin_output\atlas\oxford\1991.13.24.png","22","23","25","23.0","2287","2500","14","5","0.00219","77.21863","weak"
"C:\Users\ron\Documents\project\images\fig_190h.jpg","C:\Users\ron\Documents\project\digital-benin-bloom\public\benin_output\atlas\oxford\1908.41.3.png","24","10","34","23.0","2142","2500","8","4","0.00187","77.18674","weak"
"C:\Users\ron\Documents\project\images\fig_240.jpg","C:\Users\ron\Documents\project\digital-benin-bloom\public\benin_output\atlas\oxford\1900.39.22.png","22","20","28","23.0","2218","2500","6","4","0.0018","77.18034","weak"
"C:\Users\ron\Documents\project\images\fig_180.jpg","C:\Users\ron\Documents\project\digital-benin-bloom\public\benin_output\atlas\oxford\1991.13.10.2.png","24","23","23","23.5","2161","749","11","5","0.00668","77.16756","weak"
"C:\Users\ron\Documents\project\images\fig_271.jpg","C:\Users\ron\Documents\project\digital-benin-bloom\public\benin_output\atlas\oxford\1991.13.1_3.png","18","27","29","23.0","2401","2500","7","4","0.00167","77.1666","weak"
"C:\Users\ron\Documents\project\images\fig_131h.jpg","C:\Users\ron\Documents\project\digital-benin-bloom\public\benin_output\atlas\oxford\1966.13.1_2.png","26","15","25","23.0","2500","2500","14","4","0.0016","77.16","weak"
"C:\Users\ron\Documents\project\images\fig_343h.jpg","C:\Users\ron\Documents\project\digital-benin-bloom\public\benin_output\atlas\oxford\1988.11.2_1.png","20","23","31","23.5","2500","806","10","5","0.0062","77.12035","weak"
"C:\Users\ron\Documents\project\images\fig_264h.jpg","C:\Users\ron\Documents\project\digital-benin-bloom\public\benin_output\atlas\oxford\1991.13.16.png","18","21","36","23.25","2500","1985","22","7","0.00353","77.10264","weak"
"C:\Users\ron\Documents\project\images\fig_345.jpg","C:\Users\ron\Documents\project\digital-benin-bloom\public\benin_output\atlas\oxford\2012.103.12.png","22","17","32","23.25","1717","1924","10","5","0.00291","77.04121","weak"
"C:\Users\ron\Documents\project\images\fig_322h.jpg","C:\Users\ron\Documents\project\digital-benin-bloom\public\benin_output\atlas\oxford\1980.19.1.png","18","21","36","23.25","2500","2497","14","6","0.0024","76.99029","weak"
"C:\Users\ron\Documents\project\images\fig_365h.jpg","C:\Users\ron\Documents\project\digital-benin-bloom\public\benin_output\atlas\oxford\1975.7.2_1.png","28","24","13","23.25","2500","2500","13","6","0.0024","76.99","weak"
"C:\Users\ron\Documents\project\images\fig_129h.jpg","C:\Users\ron\Documents\project\digital-benin-bloom\public\benin_output\atlas\oxford\1966.13.1_2.png","18","20","37","23.25","2500","2500","12","5","0.002","76.95","weak"
"C:\Users\ron\Documents\project\images\fig_322.jpg","C:\Users\ron\Documents\project\digital-benin-bloom\public\benin_output\atlas\oxford\1980.19.1.png","18","21","36","23.25","2249","2497","9","4","0.00178","76.92786","weak"
"C:\Users\ron\Documents\project\images\fig_073h.jpg","C:\Users\ron\Documents\project\digital-benin-bloom\public\benin_output\atlas\oxford\1901.56.2.png","24","19","26","23.25","2424","2500","6","4","0.00165","76.91502","weak"
"C:\Users\ron\Documents\project\images\fig_255h.jpg","C:\Users\ron\Documents\project\digital-benin-bloom\public\benin_output\atlas\oxford\1908.41.3.png","28","13","24","23.25","2500","2500","10","4","0.0016","76.91","weak"
"C:\Users\ron\Documents\project\images\fig_129.jpg","C:\Users\ron\Documents\project\digital-benin-bloom\public\benin_output\atlas\oxford\1966.13.1_2.png","18","20","37","23.25","2480","2500","12","3","0.00121","76.87097","weak"
"C:\Users\ron\Documents\project\images\fig_243.jpg","C:\Users\ron\Documents\project\digital-benin-bloom\public\benin_output\atlas\oxford\1908.65.1.png","20","28","26","23.5","1104","2500","5","4","0.00362","76.86232","weak"
"C:\Users\ron\Documents\project\images\fig_253.jpg","C:\Users\ron\Documents\project\digital-benin-bloom\public\benin_output\atlas\oxford\1909.67.22.png","18","20","39","23.75","823","1988","6","5","0.00608","76.85753","weak"
"C:\Users\ron\Documents\project\images\fig_051.jpg","C:\Users\ron\Documents\project\digital-benin-bloom\public\benin_output\atlas\oxford\1900.1.4.png","24","18","28","23.5","1459","2500","8","5","0.00343","76.8427","weak"
"C:\Users\ron\Documents\project\images\fig_246.jpg","C:\Users\ron\Documents\project\digital-benin-bloom\public\benin_output\atlas\oxford\1991.13.17.1.png","20","24","30","23.5","2094","2453","13","7","0.00334","76.83429","weak"
"C:\Users\ron\Documents\project\images\fig_034.jpg","C:\Users\ron\Documents\project\digital-benin-bloom\public\benin_output\atlas\oxford\1991.13.23.png","18","20","38","23.5","1904","2500","17","6","0.00315","76.81513","weak"
"C:\Users\ron\Documents\project\images\fig_073.jpg","C:\Users\ron\Documents\project\digital-benin-bloom\public\benin_output\atlas\oxford\1901.56.2.png","24","19","27","23.5","1388","2500","4","4","0.00288","76.78818","weak"
"C:\Users\ron\Documents\project\images\fig_035.jpg","C:\Users\ron\Documents\project\digital-benin-bloom\public\benin_output\atlas\oxford\1991.13.3.png","22","20","29","23.25","2118","2498","3","0","0.0","76.75","weak"
"C:\Users\ron\Documents\project\images\fig_190.jpg","C:\Users\ron\Documents\project\digital-benin-bloom\public\benin_output\atlas\oxford\1908.41.3.png","24","10","35","23.25","1325","2500","3","0","0.0","76.75","weak"
"C:\Users\ron\Documents\project\images\fig_212.jpg","C:\Users\ron\Documents\project\digital-benin-bloom\public\benin_output\atlas\oxford\1917.38.2.png","16","27","36","23.75","1998","1600","22","8","0.005","76.75","weak"
"C:\Users\ron\Documents\project\images\fig_343.jpg","C:\Users\ron\Documents\project\digital-benin-bloom\public\benin_output\atlas\oxford\1988.11.2_1.png","20","23","32","23.75","2500","806","14","4","0.00496","76.74628","weak"
"C:\Users\ron\Documents\project\images\fig_289.jpg","C:\Users\ron\Documents\project\digital-benin-bloom\public\benin_output\atlas\oxford\1908.41.3.png","26","22","20","23.5","2139","2500","10","5","0.00234","76.73375","weak"
"C:\Users\ron\Documents\project\images\fig_027.jpg","C:\Users\ron\Documents\project\digital-benin-bloom\public\benin_output\atlas\oxford\2012.103.12.png","22","24","26","23.5","2384","1924","8","4","0.00208","76.7079","weak"
"C:\Users\ron\Documents\project\images\fig_009.jpg","C:\Users\ron\Documents\project\digital-benin-bloom\public\benin_output\atlas\oxford\1991.13.6.png","18","15","43","23.5","1977","2128","9","4","0.00202","76.70233","weak"
"C:\Users\ron\Documents\project\images\fig_112h.jpg","C:\Users\ron\Documents\project\digital-benin-bloom\public\benin_output\atlas\oxford\1991.13.16.png","20","16","38","23.5","2500","1985","14","4","0.00202","76.70151","weak"
"C:\Users\ron\Documents\project\images\fig_360h.jpg","C:\Users\ron\Documents\project\digital-benin-bloom\public\benin_output\atlas\oxford\1965.9.1.png","26","15","27","23.5","2500","2500","10","5","0.002","76.7","weak"
"C:\Users\ron\Documents\project\images\fig_016.jpg","C:\Users\ron\Documents\project\digital-benin-bloom\public\benin_output\atlas\oxford\1900.39.26.png","22","25","25","23.5","2144","2500","6","4","0.00187","76.68657","weak"
"C:\Users\ron\Documents\project\images\fig_281.jpg","C:\Users\ron\Documents\project\digital-benin-bloom\public\benin_output\atlas\oxford\1900.39.23.png","22","18","32","23.5","2329","2500","4","4","0.00172","76.67175","weak"
"C:\Users\ron\Documents\project\images\fig_326h.jpg","C:\Users\ron\Documents\project\digital-benin-bloom\public\benin_output\atlas\oxford\1908.41.3.png","22","10","40","23.5","2374","2500","11","4","0.00168","76.66849","weak"
"C:\Users\ron\Documents\project\images\fig_276.jpg","C:\Users\ron\Documents\project\digital-benin-bloom\public\benin_output\atlas\oxford\1991.13.17.1.png","20","22","32","23.5","2385","2453","4","4","0.00168","76.66771","weak"
"C:\Users\ron\Documents\project\images\fig_255.jpg","C:\Users\ron\Documents\project\digital-benin-bloom\public\benin_output\atlas\oxford\1908.41.3.png","28","13","25","23.5","2430","2500","6","4","0.00165","76.66461","weak"
"C:\Users\ron\Documents\project\images\fig_004.jpg","C:\Users\ron\Documents\project\digital-benin-bloom\public\benin_output\atlas\oxford\1917.2.13.png","24","19","27","23.5","2460","2500","15","4","0.00163","76.6626","weak"
"C:\Users\ron\Documents\project\images\fig_200.jpg","C:\Users\ron\Documents\project\digital-benin-bloom\public\benin_output\atlas\oxford\1900.74.3.png","22","20","31","23.75","1630","2382","11","6","0.00368","76.6181","weak"
"C:\Users\ron\Documents\project\images\fig_171.jpg","C:\Users\ron\Documents\project\digital-benin-bloom\public\benin_output\atlas\oxford\1900.74.3.png","24","14","34","24.0","1196","2382","30","7","0.00585","76.58528","weak"
"C:\Users\ron\Documents\project\images\fig_298h.jpg","C:\Users\ron\Documents\project\digital-benin-bloom\public\benin_output\atlas\oxford\1991.13.8.png","22","22","29","23.75","2102","2500","14","7","0.00333","76.58302","weak"
"C:\Users\ron\Documents\project\images\fig_126h.jpg","C:\Users\ron\Documents\project\digital-benin-bloom\public\benin_output\atlas\oxford\1909.61.1.png","22","19","31","23.5","2500","2162","12","1","0.00046","76.54625","weak"
"C:\Users\ron\Documents\project\images\fig_135h.jpg","C:\Users\ron\Documents\project\digital-benin-bloom\public\benin_output\atlas\oxford\1975.7.2_1.png","22","28","23","23.75","2093","2500","11","6","0.00287","76.53667","weak"
"C:\Users\ron\Documents\project\images\fig_390.jpg","C:\Users\ron\Documents\project\digital-benin-bloom\public\benin_output\atlas\oxford\1970.16.1.png","28","14","25","23.75","1482","2500","4","4","0.0027","76.51991","weak"
"C:\Users\ron\Documents\project\images\fig_043h.jpg","C:\Users\ron\Documents\project\digital-benin-bloom\public\benin_output\atlas\oxford\1991.13.16.png","20","22","33","23.75","2500","1985","13","5","0.00252","76.50189","weak"
"C:\Users\ron\Documents\project\images\fig_326.jpg","C:\Users\ron\Documents\project\digital-benin-bloom\public\benin_output\atlas\oxford\1908.41.3.png","22","10","40","23.5","1362","2500","5","0","0.0","76.5","weak"
"C:\Users\ron\Documents\project\images\fig_387.jpg","C:\Users\ron\Documents\project\digital-benin-bloom\public\benin_output\atlas\oxford\2012.103.12.png","20","25","29","23.5","2032","1924","3","0","0.0","76.5","weak"
"C:\Users\ron\Documents\project\images\fig_356h.jpg","C:\Users\ron\Documents\project\digital-benin-bloom\public\benin_output\atlas\oxford\1970.16.1.png","24","14","33","23.75","2444","2500","14","6","0.00245","76.4955","weak"
"C:\Users\ron\Documents\project\images\fig_272.jpg","C:\Users\ron\Documents\project\digital-benin-bloom\public\benin_output\atlas\oxford\1991.13.11.png","22","23","28","23.75","1876","2111","6","4","0.00213","76.46322","weak"
"C:\Users\ron\Documents\project\images\fig_376h.jpg","C:\Users\ron\Documents\project\digital-benin-bloom\public\benin_output\atlas\oxford\1970.16.1.png","24","17","30","23.75","1894","2500","7","4","0.00211","76.46119","weak"
"C:\Users\ron\Documents\project\images\fig_389h.jpg","C:\Users\ron\Documents\project\digital-benin-bloom\public\benin_output\atlas\oxford\1900.39.22.png","24","20","27","23.75","2500","2500","10","5","0.002","76.45","weak"
"C:\Users\ron\Documents\project\images\fig_051h.jpg","C:\Users\ron\Documents\project\digital-benin-bloom\public\benin_output\atlas\oxford\1991.13.37.png","26","20","30","25.5","2469","359","18","7","0.0195","76.44986","weak"
"C:\Users\ron\Documents\project\images\fig_291.jpg","C:\Users\ron\Documents\project\digital-benin-bloom\public\benin_output\atlas\oxford\1900.1.7.png","20","20","36","24.0","2328","1179","13","5","0.00424","76.42409","weak"
"C:\Users\ron\Documents\project\images\fig_118.jpg","C:\Users\ron\Documents\project\digital-benin-bloom\public\benin_output\atlas\oxford\1900.74.2.png","26","25","18","23.75","2353","2500","10","4","0.0017","76.42","weak"
"C:\Users\ron\Documents\project\images\fig_389.jpg","C:\Users\ron\Documents\project\digital-benin-bloom\public\benin_output\atlas\oxford\1900.39.22.png","24","20","27","23.75","2441","2500","7","4","0.00164","76.41387","weak"
"C:\Users\ron\Documents\project\images\fig_016h.jpg","C:\Users\ron\Documents\project\digital-benin-bloom\public\benin_output\atlas\oxford\1900.39.26.png","22","25","26","23.75","2500","2500","12","4","0.0016","76.41","weak"
"C:\Users\ron\Documents\project\images\fig_390h.jpg","C:\Users\ron\Documents\project\digital-benin-bloom\public\benin_output\atlas\oxford\1970.16.1.png","28","14","25","23.75","2500","2500","8","4","0.0016","76.41","weak"
"C:\Users\ron\Documents\project\images\fig_183h.jpg","C:\Users\ron\Documents\project\digital-benin-bloom\public\benin_output\atlas\oxford\1941.2.118.png","26","15","31","24.5","1706","1004","15","9","0.00896","76.39641","weak"
"C:\Users\ron\Documents\project\images\fig_380h.jpg","C:\Users\ron\Documents\project\digital-benin-bloom\public\benin_output\atlas\oxford\1991.13.19.png","22","26","26","24.0","1140","1240","4","4","0.00351","76.35088","weak"
"C:\Users\ron\Documents\project\images\fig_254h.jpg","C:\Users\ron\Documents\project\digital-benin-bloom\public\benin_output\atlas\oxford\1991.13.16.png","22","20","31","23.75","2500","1985","18","2","0.00101","76.35076","weak"
"C:\Users\ron\Documents\project\images\fig_004h.jpg","C:\Users\ron\Documents\project\digital-benin-bloom\public\benin_output\atlas\oxford\1966.13.1_2.png","22","26","25","23.75","2500","2500","11","2","0.0008","76.33","weak"
"C:\Users\ron\Documents\project\images\fig_245.jpg","C:\Users\ron\Documents\project\digital-benin-bloom\public\benin_output\atlas\oxford\1900.1.5.png","22","24","30","24.5","643","2473","7","5","0.00778","76.2776","weak"
"C:\Users\ron\Documents\project\images\fig_010h.jpg","C:\Users\ron\Documents\project\digital-benin-bloom\public\benin_output\atlas\oxford\1991.13.3.png","20","20","35","23.75","2500","2498","5","0","0.0","76.25","weak"
"C:\Users\ron\Documents\project\images\fig_017.jpg","C:\Users\ron\Documents\project\digital-benin-bloom\public\benin_output\atlas\oxford\1975.7.2_1.png","26","25","18","23.75","2330","2500","1","0","0.0","76.25","weak"
"C:\Users\ron\Documents\project\images\fig_103.jpg","C:\Users\ron\Documents\project\digital-benin-bloom\public\benin_output\atlas\oxford\1946.6.80_1.png","18","33","26","23.75","0","1536","0","0","0.0","76.25","weak"
"C:\Users\ron\Documents\project\images\fig_167.jpg","C:\Users\ron\Documents\project\digital-benin-bloom\public\benin_output\atlas\oxford\1966.13.1_1.png","24","21","26","23.75","2005","2500","1","0","0.0","76.25","weak"
"C:\Users\ron\Documents\project\images\fig_167h.jpg","C:\Users\ron\Documents\project\digital-benin-bloom\public\benin_output\atlas\oxford\1966.13.1_1.png","24","20","27","23.75","2500","2500","2","0","0.0","76.25","weak"
"C:\Users\ron\Documents\project\images\fig_237.jpg","C:\Users\ron\Documents\project\digital-benin-bloom\public\benin_output\atlas\oxford\2012.103.12.png","22","22","29","23.75","2255","1924","3","0","0.0","76.25","weak"
"C:\Users\ron\Documents\project\images\fig_295.jpg","C:\Users\ron\Documents\project\digital-benin-bloom\public\benin_output\atlas\oxford\1983.25.1.png","20","19","36","23.75","1421","2500","2","0","0.0","76.25","weak"
"C:\Users\ron\Documents\project\images\fig_356.jpg","C:\Users\ron\Documents\project\digital-benin-bloom\public\benin_output\atlas\oxford\1970.16.1.png","24","14","33","23.75","1860","2500","6","0","0.0","76.25","weak"
"C:\Users\ron\Documents\project\images\fig_376.jpg","C:\Users\ron\Documents\project\digital-benin-bloom\public\benin_output\atlas\oxford\1970.16.1.png","24","17","30","23.75","382","2500","1","0","0.0","76.25","weak"
"C:\Users\ron\Documents\project\images\fig_380.jpg","C:\Users\ron\Documents\project\digital-benin-bloom\public\benin_output\atlas\oxford\1991.13.19.png","22","26","25","23.75","52","1240","0","0","0.0","76.25","weak"
"C:\Users\ron\Documents\project\images\fig_181.jpg","C:\Users\ron\Documents\project\digital-benin-bloom\public\benin_output\atlas\oxford\1991.13.10.1.png","22","26","29","24.75","2310","400","9","4","0.01","76.25","weak"
"C:\Users\ron\Documents\project\images\fig_306.jpg","C:\Users\ron\Documents\project\digital-benin-bloom\public\benin_output\atlas\oxford\1900.39.10.png","30","17","19","24.0","1649","2203","4","4","0.00243","76.24257","weak"
"C:\Users\ron\Documents\project\images\fig_237h.jpg","C:\Users\ron\Documents\project\digital-benin-bloom\public\benin_output\atlas\oxford\2012.103.12.png","22","22","30","24.0","2500","1924","9","4","0.00208","76.2079","weak"
"C:\Users\ron\Documents\project\images\fig_043.jpg","C:\Users\ron\Documents\project\digital-benin-bloom\public\benin_output\atlas\oxford\1991.13.16.png","20","22","34","24.0","2470","1985","10","4","0.00202","76.20151","weak"
"C:\Users\ron\Documents\project\images\fig_014h.jpg","C:\Users\ron\Documents\project\digital-benin-bloom\public\benin_output\atlas\oxford\1991.13.33.png","20","22","34","24.0","2500","2500","10","5","0.002","76.2","weak"
"C:\Users\ron\Documents\project\images\fig_053.jpg","C:\Users\ron\Documents\project\digital-benin-bloom\public\benin_output\atlas\oxford\1941.2.118.png","28","16","24","24.0","2352","1004","12","2","0.00199","76.1992","weak"
"C:\Users\ron\Documents\project\images\fig_121.jpg","C:\Users\ron\Documents\project\digital-benin-bloom\public\benin_output\atlas\oxford\1983.25.1.png","24","12","36","24.0","2248","2500","6","4","0.00178","76.17794","weak"
"C:\Users\ron\Documents\project\images\fig_291h.jpg","C:\Users\ron\Documents\project\digital-benin-bloom\public\benin_output\atlas\oxford\1900.1.7.png","20","20","37","24.25","2500","1179","16","5","0.00424","76.17409","weak"
"C:\Users\ron\Documents\project\images\fig_181h.jpg","C:\Users\ron\Documents\project\digital-benin-bloom\public\benin_output\atlas\oxford\1901.53.4.png","20","30","26","24.0","2500","2433","11","4","0.00164","76.16441","weak"
"C:\Users\ron\Documents\project\images\fig_348.jpg","C:\Users\ron\Documents\project\digital-benin-bloom\public\benin_output\atlas\oxford\1991.13.3.png","18","26","34","24.0","2450","2498","7","4","0.00163","76.16327","weak"
"C:\Users\ron\Documents\project\images\fig_121h.jpg","C:\Users\ron\Documents\project\digital-benin-bloom\public\benin_output\atlas\oxford\1970.16.1.png","16","26","38","24.0","2500","2500","4","4","0.0016","76.16","weak"
"C:\Users\ron\Documents\project\images\fig_128h.jpg","C:\Users\ron\Documents\project\digital-benin-bloom\public\benin_output\atlas\oxford\1900.74.2.png","26","25","19","24.0","2500","2500","11","4","0.0016","76.16","weak"
"C:\Users\ron\Documents\project\images\fig_281h.jpg","C:\Users\ron\Documents\project\digital-benin-bloom\public\benin_output\atlas\oxford\1900.39.23.png","22","18","34","24.0","2500","2500","8","4","0.0016","76.16","weak"
"C:\Users\ron\Documents\project\images\fig_103h.jpg","C:\Users\ron\Documents\project\digital-benin-bloom\public\benin_output\atlas\oxford\1946.6.80_1.png","18","32","30","24.5","631","1536","4","4","0.00634","76.13391","weak"
"C:\Users\ron\Documents\project\images\fig_053h.jpg","C:\Users\ron\Documents\project\digital-benin-bloom\public\benin_output\atlas\oxford\1941.2.118.png","28","16","26","24.5","2500","1004","14","6","0.00598","76.09761","weak"
"C:\Users\ron\Documents\project\images\fig_151h.jpg","C:\Users\ron\Documents\project\digital-benin-bloom\public\benin_output\atlas\oxford\1902.52.1_1.png","22","22","31","24.25","2478","1746","15","6","0.00344","76.09364","weak"
"C:\Users\ron\Documents\project\images\fig_382.jpg","C:\Users\ron\Documents\project\digital-benin-bloom\public\benin_output\atlas\oxford\1991.13.39.png","20","28","30","24.5","716","2500","6","4","0.00559","76.05866","weak"
"C:\Users\ron\Documents\project\images\fig_151.jpg","C:\Users\ron\Documents\project\digital-benin-bloom\public\benin_output\atlas\oxford\1902.52.1_1.png","22","22","31","24.25","1638","1746","11","5","0.00305","76.05525","weak"
"C:\Users\ron\Documents\project\images\fig_342.jpg","C:\Users\ron\Documents\project\digital-benin-bloom\public\benin_output\atlas\oxford\1991.13.20.png","24","19","30","24.25","1982","1336","9","4","0.00299","76.0494","weak"
"C:\Users\ron\Documents\project\images\fig_342h.jpg","C:\Users\ron\Documents\project\digital-benin-bloom\public\benin_output\atlas\oxford\1991.13.20.png","24","19","30","24.25","2492","1336","7","4","0.00299","76.0494","weak"
"C:\Users\ron\Documents\project\images\fig_113.jpg","C:\Users\ron\Documents\project\digital-benin-bloom\public\benin_output\atlas\oxford\1991.13.11.png","20","26","31","24.25","2256","2111","13","6","0.00284","76.03423","weak"
"C:\Users\ron\Documents\project\images\fig_262.jpg","C:\Users\ron\Documents\project\digital-benin-bloom\public\benin_output\atlas\oxford\1900.1.5.png","22","20","33","24.25","2304","2473","16","6","0.0026","76.01042","weak"
"C:\Users\ron\Documents\project\images\fig_345h.jpg","C:\Users\ron\Documents\project\digital-benin-bloom\public\benin_output\atlas\oxford\2012.103.12.png","22","18","35","24.25","2392","1924","12","5","0.0026","76.00988","weak"
"C:\Users\ron\Documents\project\images\fig_338h.jpg","C:\Users\ron\Documents\project\digital-benin-bloom\public\benin_output\atlas\oxford\1900.74.3.png","24","20","29","24.25","1583","2382","6","4","0.00253","76.00268","weak"
"C:\Users\ron\Documents\project\images\fig_176h.jpg","C:\Users\ron\Documents\project\digital-benin-bloom\public\benin_output\atlas\oxford\1900.74.1.png","20","20","36","24.0","2447","2052","5","0","0.0","76.0","weak"
"C:\Users\ron\Documents\project\images\fig_210.jpg","C:\Users\ron\Documents\project\digital-benin-bloom\public\benin_output\atlas\oxford\1991.13.9.png","24","21","27","24.0","101","2500","0","0","0.0","76.0","weak"
"C:\Users\ron\Documents\project\images\fig_338.jpg","C:\Users\ron\Documents\project\digital-benin-bloom\public\benin_output\atlas\oxford\1900.74.3.png","24","20","28","24.0","395","2382","1","0","0.0","76.0","weak"
"C:\Users\ron\Documents\project\images\fig_066.jpg","C:\Users\ron\Documents\project\digital-benin-bloom\public\benin_output\atlas\oxford\1988.11.2_1.png","28","13","30","24.75","2357","806","17","6","0.00744","75.99442","weak"
"C:\Users\ron\Documents\project\images\fig_137.jpg","C:\Users\ron\Documents\project\digital-benin-bloom\public\benin_output\atlas\oxford\1909.67.25.png","22","23","31","24.5","1581","2302","12","7","0.00443","75.94276","weak"
"C:\Users\ron\Documents\project\images\fig_247.jpg","C:\Users\ron\Documents\project\digital-benin-bloom\public\benin_output\atlas\oxford\1991.13.7.png","22","17","36","24.25","2110","2500","9","4","0.0019","75.93957","weak"
"C:\Users\ron\Documents\project\images\fig_272h.jpg","C:\Users\ron\Documents\project\digital-benin-bloom\public\benin_output\atlas\oxford\1991.13.11.png","22","23","30","24.25","2500","2111","10","4","0.00189","75.93948","weak"
"C:\Users\ron\Documents\project\images\fig_086.jpg","C:\Users\ron\Documents\project\digital-benin-bloom\public\benin_output\atlas\oxford\1909.61.1.png","24","18","31","24.25","2477","2162","9","4","0.00185","75.93501","weak"
"C:\Users\ron\Documents\project\images\fig_180h.jpg","C:\Users\ron\Documents\project\digital-benin-bloom\public\benin_output\atlas\oxford\1991.13.10.2.png","24","23","29","25.0","2500","749","15","7","0.00935","75.93458","weak"
"C:\Users\ron\Documents\project\images\fig_306h.jpg","C:\Users\ron\Documents\project\digital-benin-bloom\public\benin_output\atlas\oxford\1900.39.10.png","30","17","20","24.25","2500","2203","4","4","0.00182","75.93157","weak"
"C:\Users\ron\Documents\project\images\fig_198h.jpg","C:\Users\ron\Documents\project\digital-benin-bloom\public\benin_output\atlas\oxford\1983.25.3.png","20","27","30","24.25","2316","2500","8","4","0.00173","75.92271","weak"
"C:\Users\ron\Documents\project\images\fig_027h.jpg","C:\Users\ron\Documents\project\digital-benin-bloom\public\benin_output\atlas\oxford\1991.13.17.1.png","20","26","31","24.25","2500","2453","10","4","0.00163","75.91307","weak"
"C:\Users\ron\Documents\project\images\fig_124.jpg","C:\Users\ron\Documents\project\digital-benin-bloom\public\benin_output\atlas\oxford\1901.56.2.png","22","25","28","24.25","2500","2500","4","4","0.0016","75.91","weak"
"C:\Users\ron\Documents\project\images\fig_227.jpg","C:\Users\ron\Documents\project\digital-benin-bloom\public\benin_output\atlas\oxford\1909.61.1.png","20","29","28","24.25","1362","2162","11","2","0.00147","75.89684","weak"
"C:\Users\ron\Documents\project\images\fig_066h.jpg","C:\Users\ron\Documents\project\digital-benin-bloom\public\benin_output\atlas\oxford\1988.11.2_1.png","28","13","30","24.75","2500","806","16","5","0.0062","75.87035","weak"
"C:\Users\ron\Documents\project\images\fig_179h.jpg","C:\Users\ron\Documents\project\digital-benin-bloom\public\benin_output\atlas\oxford\1991.13.5.png","26","18","27","24.25","2500","2500","10","3","0.0012","75.87","weak"
"C:\Users\ron\Documents\project\images\fig_001h.jpg","C:\Users\ron\Documents\project\digital-benin-bloom\public\benin_output\atlas\oxford\1900.1.5.png","22","20","33","24.25","2500","2473","14","2","0.00081","75.83087","weak"
"C:\Users\ron\Documents\project\images\fig_247h.jpg","C:\Users\ron\Documents\project\digital-benin-bloom\public\benin_output\atlas\oxford\1900.39.26.png","18","32","29","24.25","2500","2500","12","2","0.0008","75.83","weak"
"C:\Users\ron\Documents\project\images\fig_229.jpg","C:\Users\ron\Documents\project\digital-benin-bloom\public\benin_output\atlas\oxford\1991.13.28.png","20","28","33","25.25","2063","2386","47","22","0.01066","75.81641","weak"
"C:\Users\ron\Documents\project\images\fig_183.jpg","C:\Users\ron\Documents\project\digital-benin-bloom\public\benin_output\atlas\oxford\1941.2.118.png","26","15","32","24.75","712","1004","6","4","0.00562","75.8118","weak"
"C:\Users\ron\Documents\project\images\fig_115.jpg","C:\Users\ron\Documents\project\digital-benin-bloom\public\benin_output\atlas\oxford\1991.13.21.png","26","22","24","24.5","1751","2500","16","5","0.00286","75.78555","weak"
"C:\Users\ron\Documents\project\images\fig_098.jpg","C:\Users\ron\Documents\project\digital-benin-bloom\public\benin_output\atlas\oxford\1900.39.7.png","22","25","28","24.25","1674","2496","3","0","0.0","75.75","weak"
"C:\Users\ron\Documents\project\images\fig_214.jpg","C:\Users\ron\Documents\project\digital-benin-bloom\public\benin_output\atlas\oxford\1932.88.864_1.png","24","21","28","24.25","0","1616","0","0","0.0","75.75","weak"
"C:\Users\ron\Documents\project\images\fig_262h.jpg","C:\Users\ron\Documents\project\digital-benin-bloom\public\benin_output\atlas\oxford\1900.39.23.png","24","15","34","24.25","2500","2500","2","0","0.0","75.75","weak"
"C:\Users\ron\Documents\project\images\fig_284.jpg","C:\Users\ron\Documents\project\digital-benin-bloom\public\benin_output\atlas\oxford\1900.1.5.png","26","26","19","24.25","383","2473","2","0","0.0","75.75","weak"
"C:\Users\ron\Documents\project\images\fig_307h.jpg","C:\Users\ron\Documents\project\digital-benin-bloom\public\benin_output\atlas\oxford\1908.41.3.png","22","12","41","24.25","2394","2500","3","0","0.0","75.75","weak"
"C:\Users\ron\Documents\project\images\fig_333.jpg","C:\Users\ron\Documents\project\digital-benin-bloom\public\benin_output\atlas\oxford\1966.13.1_2.png","24","20","29","24.25","2141","2500","5","0","0.0","75.75","weak"
"C:\Users\ron\Documents\project\images\fig_346.jpg","C:\Users\ron\Documents\project\digital-benin-bloom\public\benin_output\atlas\oxford\1900.1.5.png","22","26","27","24.25","2407","2473","1","0","0.0","75.75","weak"
"C:\Users\ron\Documents\project\images\fig_352.jpg","C:\Users\ron\Documents\project\digital-benin-bloom\public\benin_output\atlas\oxford\1991.13.1_3.png","22","22","31","24.25","762","2500","3","0","0.0","75.75","weak"
"C:\Users\ron\Documents\project\images\fig_126.jpg","C:\Users\ron\Documents\project\digital-benin-bloom\public\benin_output\atlas\oxford\1909.61.1.png","22","19","35","24.5","2463","2162","13","5","0.00231","75.73127","weak"
"C:\Users\ron\Documents\project\images\fig_003h.jpg","C:\Users\ron\Documents\project\digital-benin-bloom\public\benin_output\atlas\oxford\1909.61.2.png","24","21","29","24.5","2500","2476","7","5","0.00202","75.70194","weak"
"C:\Users\ron\Documents\project\images\fig_022h.jpg","C:\Users\ron\Documents\project\digital-benin-bloom\public\benin_output\atlas\oxford\1901.56.2.png","26","18","28","24.5","2500","2500","10","5","0.002","75.7","weak"
"C:\Users\ron\Documents\project\images\fig_005.jpg","C:\Users\ron\Documents\project\digital-benin-bloom\public\benin_output\atlas\oxford\1980.19.1.png","20","22","36","24.5","2358","2497","8","4","0.0017","75.66964","weak"
"C:\Users\ron\Documents\project\images\fig_346h.jpg","C:\Users\ron\Documents\project\digital-benin-bloom\public\benin_output\atlas\oxford\1900.1.5.png","22","26","28","24.5","2500","2473","6","4","0.00162","75.66175","weak"
"C:\Users\ron\Documents\project\images\fig_102.jpg","C:\Users\ron\Documents\project\digital-benin-bloom\public\benin_output\atlas\oxford\1991.13.7.png","22","24","30","24.5","2479","2500","12","4","0.00161","75.66136","weak"
"C:\Users\ron\Documents\project\images\fig_035h.jpg","C:\Users\ron\Documents\project\digital-benin-bloom\public\benin_output\atlas\oxford\1991.13.3.png","22","20","34","24.5","2500","2498","9","4","0.0016","75.66013","weak"
"C:\Users\ron\Documents\project\images\fig_179.jpg","C:\Users\ron\Documents\project\digital-benin-bloom\public\benin_output\atlas\oxford\1991.13.5.png","26","18","28","24.5","2500","2500","15","4","0.0016","75.66","weak"
"C:\Users\ron\Documents\project\images\fig_317h.jpg","C:\Users\ron\Documents\project\digital-benin-bloom\public\benin_output\atlas\oxford\1908.41.3.png","28","15","27","24.5","2500","2500","7","4","0.0016","75.66","weak"
"C:\Users\ron\Documents\project\images\fig_102h.jpg","C:\Users\ron\Documents\project\digital-benin-bloom\public\benin_output\atlas\oxford\1900.74.3.png","24","22","28","24.5","2500","2382","12","3","0.00126","75.62594","weak"
"C:\Users\ron\Documents\project\images\fig_212h.jpg","C:\Users\ron\Documents\project\digital-benin-bloom\public\benin_output\atlas\oxford\1917.38.2.png","16","27","40","24.75","2500","1600","15","6","0.00375","75.625","weak"
"C:\Users\ron\Documents\project\images\fig_385h.jpg","C:\Users\ron\Documents\project\digital-benin-bloom\public\benin_output\atlas\oxford\1938.34.94_1.png","22","24","31","24.75","2199","2240","18","8","0.00364","75.6138","weak"
"C:\Users\ron\Documents\project\images\fig_014.jpg","C:\Users\ron\Documents\project\digital-benin-bloom\public\benin_output\atlas\oxford\1900.1.7.png","22","23","32","24.75","2250","1179","8","4","0.00339","75.58927","weak"
"C:\Users\ron\Documents\project\images\fig_198.jpg","C:\Users\ron\Documents\project\digital-benin-bloom\public\benin_output\atlas\oxford\1983.25.3.png","20","27","32","24.75","1227","2500","6","4","0.00326","75.576","weak"
"C:\Users\ron\Documents\project\images\fig_310.jpg","C:\Users\ron\Documents\project\digital-benin-bloom\public\benin_output\atlas\oxford\1908.41.3.png","18","29","34","24.75","1928","2500","15","6","0.00311","75.5612","weak"
"C:\Users\ron\Documents\project\images\fig_385.jpg","C:\Users\ron\Documents\project\digital-benin-bloom\public\benin_output\atlas\oxford\1991.13.20.png","24","21","30","24.75","1370","1336","4","4","0.00299","75.5494","weak"
"C:\Users\ron\Documents\project\images\fig_045.jpg","C:\Users\ron\Documents\project\digital-benin-bloom\public\benin_output\atlas\oxford\1923.2.1.png","24","19","32","24.75","2430","1430","7","4","0.0028","75.52972","weak"
"C:\Users\ron\Documents\project\images\fig_242.jpg","C:\Users\ron\Documents\project\digital-benin-bloom\public\benin_output\atlas\oxford\1991.13.17.1.png","24","20","33","25.25","1972","2453","28","15","0.00761","75.51065","weak"
"C:\Users\ron\Documents\project\images\fig_039h.jpg","C:\Users\ron\Documents\project\digital-benin-bloom\public\benin_output\atlas\oxford\1946.6.80_1.png","22","23","32","24.75","2500","1536","7","4","0.0026","75.51042","weak"
"C:\Users\ron\Documents\project\images\fig_098h.jpg","C:\Users\ron\Documents\project\digital-benin-bloom\public\benin_output\atlas\oxford\1900.39.7.png","22","25","29","24.5","2497","2496","5","0","0.0","75.5","weak"
"C:\Users\ron\Documents\project\images\fig_257.jpg","C:\Users\ron\Documents\project\digital-benin-bloom\public\benin_output\atlas\oxford\1991.13.24.png","24","23","27","24.5","0","2500","0","0","0.0","75.5","weak"
"C:\Users\ron\Documents\project\images\fig_307.jpg","C:\Users\ron\Documents\project\digital-benin-bloom\public\benin_output\atlas\oxford\1908.41.3.png","22","12","42","24.5","735","2500","0","0","0.0","75.5","weak"
"C:\Users\ron\Documents\project\images\fig_251.jpg","C:\Users\ron\Documents\project\digital-benin-bloom\public\benin_output\atlas\oxford\1991.13.19.png","22","28","28","25.0","804","1240","4","4","0.00498","75.49751","weak"
"C:\Users\ron\Documents\project\images\fig_289h.jpg","C:\Users\ron\Documents\project\digital-benin-bloom\public\benin_output\atlas\oxford\1908.41.3.png","26","23","24","24.75","2500","2500","17","6","0.0024","75.49","weak"
"C:\Users\ron\Documents\project\images\fig_225.jpg","C:\Users\ron\Documents\project\digital-benin-bloom\public\benin_output\atlas\oxford\1991.13.6.png","22","17","38","24.75","1708","2128","9","4","0.00234","75.48419","weak"
"C:\Users\ron\Documents\project\images\fig_225h.jpg","C:\Users\ron\Documents\project\digital-benin-bloom\public\benin_output\atlas\oxford\1901.54.2.png","22","17","40","25.25","2371","1095","18","8","0.00731","75.48059","weak"
"C:\Users\ron\Documents\project\images\fig_022.jpg","C:\Users\ron\Documents\project\digital-benin-bloom\public\benin_output\atlas\oxford\1901.56.2.png","26","18","29","24.75","2339","2500","9","5","0.00214","75.46377","weak"
"C:\Users\ron\Documents\project\images\fig_230.jpg","C:\Users\ron\Documents\project\digital-benin-bloom\public\benin_output\atlas\oxford\1979.8.1.png","22","20","35","24.75","1879","2332","8","4","0.00213","75.46288","weak"
"C:\Users\ron\Documents\project\images\fig_111h.jpg","C:\Users\ron\Documents\project\digital-benin-bloom\public\benin_output\atlas\oxford\1966.13.1_2.png","28","16","27","24.75","2500","2500","15","5","0.002","75.45","weak"
"C:\Users\ron\Documents\project\images\fig_130.jpg","C:\Users\ron\Documents\project\digital-benin-bloom\public\benin_output\atlas\oxford\1991.13.9.png","20","23","36","24.75","2500","2500","14","5","0.002","75.45","weak"
"C:\Users\ron\Documents\project\images\fig_352h.jpg","C:\Users\ron\Documents\project\digital-benin-bloom\public\benin_output\atlas\oxford\1991.13.1_3.png","22","22","33","24.75","2105","2500","7","4","0.0019","75.44002","weak"
"C:\Users\ron\Documents\project\images\fig_347.jpg","C:\Users\ron\Documents\project\digital-benin-bloom\public\benin_output\atlas\oxford\1900.1.5.png","22","25","30","24.75","2347","2473","7","4","0.0017","75.42043","weak"
"C:\Users\ron\Documents\project\images\fig_283.jpg","C:\Users\ron\Documents\project\digital-benin-bloom\public\benin_output\atlas\oxford\1983.25.1.png","24","19","32","24.75","2442","2500","10","4","0.00164","75.4138","weak"
"C:\Users\ron\Documents\project\images\fig_128.jpg","C:\Users\ron\Documents\project\digital-benin-bloom\public\benin_output\atlas\oxford\1900.74.2.png","26","25","22","24.75","2461","2500","9","4","0.00163","75.41254","weak"
"C:\Users\ron\Documents\project\images\fig_005h.jpg","C:\Users\ron\Documents\project\digital-benin-bloom\public\benin_output\atlas\oxford\1980.19.1.png","20","22","37","24.75","2500","2497","7","4","0.0016","75.41019","weak"
"C:\Users\ron\Documents\project\images\fig_108.jpg","C:\Users\ron\Documents\project\digital-benin-bloom\public\benin_output\atlas\oxford\1900.39.3.png","22","21","36","25.25","1933","2500","18","12","0.00621","75.3708","weak"
"C:\Users\ron\Documents\project\images\fig_337.jpg","C:\Users\ron\Documents\project\digital-benin-bloom\public\benin_output\atlas\oxford\1991.13.16.png","26","35","14","25.25","849","1985","12","5","0.00589","75.33893","weak"
"C:\Users\ron\Documents\project\images\fig_310h.jpg","C:\Users\ron\Documents\project\digital-benin-bloom\public\benin_output\atlas\oxford\1908.41.3.png","18","30","33","24.75","2500","2500","11","2","0.0008","75.33","weak"
"C:\Users\ron\Documents\project\images\fig_155.jpg","C:\Users\ron\Documents\project\digital-benin-bloom\public\benin_output\atlas\oxford\1946.6.80_1.png","22","18","38","25.0","2319","1536","10","5","0.00326","75.32552","weak"
"C:\Users\ron\Documents\project\images\fig_251h.jpg","C:\Users\ron\Documents\project\digital-benin-bloom\public\benin_output\atlas\oxford\1991.13.19.png","22","28","28","25.0","1912","1240","6","4","0.00323","75.32258","weak"
"C:\Users\ron\Documents\project\images\fig_210h.jpg","C:\Users\ron\Documents\project\digital-benin-bloom\public\benin_output\atlas\oxford\1991.13.9.png","24","21","31","25.0","1636","2500","7","5","0.00306","75.30562","weak"
"C:\Users\ron\Documents\project\images\fig_092.jpg","C:\Users\ron\Documents\project\digital-benin-bloom\public\benin_output\atlas\oxford\1900.39.7.png","22","22","34","25.0","2314","2496","11","7","0.00303","75.30251","weak"
"C:\Users\ron\Documents\project\images\fig_090h.jpg","C:\Users\ron\Documents\project\digital-benin-bloom\public\benin_output\atlas\oxford\1946.6.80_1.png","24","22","30","25.0","2500","1536","14","4","0.0026","75.26042","weak"
"C:\Users\ron\Documents\project\images\fig_018.jpg","C:\Users\ron\Documents\project\digital-benin-bloom\public\benin_output\atlas\oxford\1991.13.11.png","20","23","36","24.75","2056","2111","5","0","0.0","75.25","weak"
"C:\Users\ron\Documents\project\images\fig_039.jpg","C:\Users\ron\Documents\project\digital-benin-bloom\public\benin_output\atlas\oxford\1946.6.80_1.png","22","23","32","24.75","1682","1536","6","0","0.0","75.25","weak"
"C:\Users\ron\Documents\project\images\fig_164.jpg","C:\Users\ron\Documents\project\digital-benin-bloom\public\benin_output\atlas\oxford\1970.16.1.png","24","23","28","24.75","1959","2500","3","0","0.0","75.25","weak"
"C:\Users\ron\Documents\project\images\fig_169.jpg","C:\Users\ron\Documents\project\digital-benin-bloom\public\benin_output\atlas\oxford\1991.13.17.1.png","24","25","26","24.75","304","2453","0","0","0.0","75.25","weak"
"C:\Users\ron\Documents\project\images\fig_201.jpg","C:\Users\ron\Documents\project\digital-benin-bloom\public\benin_output\atlas\oxford\1909.67.36.png","28","20","23","24.75","1052","2430","1","0","0.0","75.25","weak"
"C:\Users\ron\Documents\project\images\fig_228.jpg","C:\Users\ron\Documents\project\digital-benin-bloom\public\benin_output\atlas\oxford\1991.13.35.png","20","28","31","24.75","1195","1189","3","0","0.0","75.25","weak"
"C:\Users\ron\Documents\project\images\fig_249.jpg","C:\Users\ron\Documents\project\digital-benin-bloom\public\benin_output\atlas\oxford\1900.1.4.png","24","20","31","24.75","664","2500","3","0","0.0","75.25","weak"
"C:\Users\ron\Documents\project\images\fig_318.jpg","C:\Users\ron\Documents\project\digital-benin-bloom\public\benin_output\atlas\oxford\1970.16.1.png","20","26","33","24.75","2429","2500","5","0","0.0","75.25","weak"
"C:\Users\ron\Documents\project\images\fig_164h.jpg","C:\Users\ron\Documents\project\digital-benin-bloom\public\benin_output\atlas\oxford\1970.16.1.png","24","23","29","25.0","2500","2500","14","6","0.0024","75.24","weak"
"C:\Users\ron\Documents\project\images\fig_145.jpg","C:\Users\ron\Documents\project\digital-benin-bloom\public\benin_output\atlas\oxford\1901.53.3.png","24","21","31","25.0","2428","2224","9","5","0.00225","75.22482","weak"
"C:\Users\ron\Documents\project\images\fig_301.jpg","C:\Users\ron\Documents\project\digital-benin-bloom\public\benin_output\atlas\oxford\2012.103.12.png","22","23","33","25.0","2314","1924","13","4","0.00208","75.2079","weak"
"C:\Users\ron\Documents\project\images\fig_158.jpg","C:\Users\ron\Documents\project\digital-benin-bloom\public\benin_output\atlas\oxford\1900.39.3.png","20","23","37","25.0","1956","2500","7","4","0.00204","75.2045","weak"
"C:\Users\ron\Documents\project\images\fig_003.jpg","C:\Users\ron\Documents\project\digital-benin-bloom\public\benin_output\atlas\oxford\1909.61.2.png","24","21","31","25.0","2454","2476","8","5","0.00204","75.20375","weak"
"C:\Users\ron\Documents\project\images\fig_001.jpg","C:\Users\ron\Documents\project\digital-benin-bloom\public\benin_output\atlas\oxford\1900.1.5.png","22","20","36","25.0","2456","2473","14","5","0.00204","75.20358","weak"
"C:\Users\ron\Documents\project\images\fig_045h.jpg","C:\Users\ron\Documents\project\digital-benin-bloom\public\benin_output\atlas\oxford\1970.16.1.png","28","13","31","25.0","2500","2500","7","5","0.002","75.2","weak"
"C:\Users\ron\Documents\project\images\fig_318h.jpg","C:\Users\ron\Documents\project\digital-benin-bloom\public\benin_output\atlas\oxford\1970.16.1.png","20","26","34","25.0","2500","2500","7","5","0.002","75.2","weak"
"C:\Users\ron\Documents\project\images\fig_002h.jpg","C:\Users\ron\Documents\project\digital-benin-bloom\public\benin_output\atlas\oxford\1938.34.94_1.png","22","25","31","25.0","2500","2240","6","4","0.00179","75.17857","weak"
"C:\Users\ron\Documents\project\images\fig_140.jpg","C:\Users\ron\Documents\project\digital-benin-bloom\public\benin_output\atlas\oxford\1908.41.3.png","28","22","22","25.0","2308","2500","7","4","0.00173","75.17331","weak"
"C:\Users\ron\Documents\project\images\fig_111.jpg","C:\Users\ron\Documents\project\digital-benin-bloom\public\benin_output\atlas\oxford\1966.13.1_2.png","28","16","28","25.0","2450","2500","12","4","0.00163","75.16327","weak"
"C:\Users\ron\Documents\project\images\cover.jpg","C:\Users\ron\Documents\project\digital-benin-bloom\public\benin_output\atlas\oxford\1991.13.33.png","24","26","26","25.0","2500","2500","8","4","0.0016","75.16","weak"
"C:\Users\ron\Documents\project\images\fig_143h.jpg","C:\Users\ron\Documents\project\digital-benin-bloom\public\benin_output\atlas\oxford\1966.13.1_2.png","24","28","24","25.0","2500","2500","8","4","0.0016","75.16","weak"
"C:\Users\ron\Documents\project\images\fig_309.jpg","C:\Users\ron\Documents\project\digital-benin-bloom\public\benin_output\atlas\oxford\1975.7.2_2.png","24","32","22","25.5","636","1347","6","4","0.00629","75.12893","weak"
"C:\Users\ron\Documents\project\images\fig_037.jpg","C:\Users\ron\Documents\project\digital-benin-bloom\public\benin_output\atlas\oxford\1900.74.2.png","22","24","33","25.25","1595","2500","8","6","0.00376","75.12618","weak"
"C:\Users\ron\Documents\project\images\fig_337h.jpg","C:\Users\ron\Documents\project\digital-benin-bloom\public\benin_output\atlas\oxford\1909.1.2.png","26","26","22","25.0","1990","2320","15","2","0.00101","75.1005","weak"
"C:\Users\ron\Documents\project\images\fig_105.jpg","C:\Users\ron\Documents\project\digital-benin-bloom\public\benin_output\atlas\oxford\1900.39.27.1.png","20","25","36","25.25","1269","2444","11","4","0.00315","75.06521","weak"
"C:\Users\ron\Documents\project\images\fig_229h.jpg","C:\Users\ron\Documents\project\digital-benin-bloom\public\benin_output\atlas\oxford\1991.13.28.png","20","28","34","25.5","2493","2386","30","13","0.00545","75.04484","weak"
"C:\Users\ron\Documents\project\images\fig_293.jpg","C:\Users\ron\Documents\project\digital-benin-bloom\public\benin_output\atlas\oxford\1991.13.39.png","22","26","31","25.25","2189","2500","21","6","0.00274","75.0241","weak"
"C:\Users\ron\Documents\project\images\fig_056h.jpg","C:\Users\ron\Documents\project\digital-benin-bloom\public\benin_output\atlas\oxford\1946.6.80_1.png","22","27","31","25.5","2500","1536","20","8","0.00521","75.02083","weak"
"C:\Users\ron\Documents\project\images\fig_309h.jpg","C:\Users\ron\Documents\project\digital-benin-bloom\public\benin_output\atlas\oxford\1975.7.2_2.png","24","32","22","25.5","2115","1347","18","7","0.0052","75.01967","weak"
"C:\Users\ron\Documents\project\images\fig_090.jpg","C:\Users\ron\Documents\project\digital-benin-bloom\public\benin_output\atlas\oxford\1946.6.80_1.png","24","21","32","25.25","2176","1536","5","4","0.0026","75.01042","weak"
"C:\Users\ron\Documents\project\images\fig_155h.jpg","C:\Users\ron\Documents\project\digital-benin-bloom\public\benin_output\atlas\oxford\1946.6.80_1.png","22","18","39","25.25","2500","1536","9","4","0.0026","75.01042","weak"
"C:\Users\ron\Documents\project\images\fig_386.jpg","C:\Users\ron\Documents\project\digital-benin-bloom\public\benin_output\atlas\oxford\1901.56.2.png","26","23","28","25.75","528","2500","4","4","0.00758","75.00758","weak"
"C:\Users\ron\Documents\project\images\fig_017h.jpg","C:\Users\ron\Documents\project\digital-benin-bloom\public\benin_output\atlas\oxford\1975.7.2_1.png","26","25","23","25.0","2500","2500","3","0","0.0","75.0","weak"
"C:\Users\ron\Documents\project\images\fig_106.jpg","C:\Users\ron\Documents\project\digital-benin-bloom\public\benin_output\atlas\oxford\1900.39.3.png","24","26","26","25.0","1020","2500","2","0","0.0","75.0","weak"
"C:\Users\ron\Documents\project\images\fig_178.jpg","C:\Users\ron\Documents\project\digital-benin-bloom\public\benin_output\atlas\oxford\1946.6.80_1.png","22","28","28","25.0","105","1536","0","0","0.0","75.0","weak"
"C:\Users\ron\Documents\project\images\fig_202h.jpg","C:\Users\ron\Documents\project\digital-benin-bloom\public\benin_output\atlas\oxford\1908.65.1.png","28","18","26","25.0","1880","2500","9","0","0.0","75.0","weak"
"C:\Users\ron\Documents\project\images\fig_382h.jpg","C:\Users\ron\Documents\project\digital-benin-bloom\public\benin_output\atlas\oxford\1900.39.2.png","22","26","31","25.25","2439","2500","12","6","0.00246","74.996","weak"
"C:\Users\ron\Documents\project\images\fig_002.jpg","C:\Users\ron\Documents\project\digital-benin-bloom\public\benin_output\atlas\oxford\1938.34.94_1.png","22","25","32","25.25","2426","2240","12","5","0.00223","74.97321","weak"
"C:\Users\ron\Documents\project\images\fig_137h.jpg","C:\Users\ron\Documents\project\digital-benin-bloom\public\benin_output\atlas\oxford\1909.67.25.png","22","23","34","25.25","2345","2302","12","5","0.00217","74.9672","weak"
"C:\Users\ron\Documents\project\images\fig_143.jpg","C:\Users\ron\Documents\project\digital-benin-bloom\public\benin_output\atlas\oxford\1966.13.1_2.png","24","28","25","25.25","1856","2500","4","4","0.00216","74.96552","weak"
"C:\Users\ron\Documents\project\images\fig_239.jpg","C:\Users\ron\Documents\project\digital-benin-bloom\public\benin_output\atlas\oxford\1900.1.5.png","24","25","28","25.25","2110","2473","8","4","0.0019","74.93957","weak"
"C:\Users\ron\Documents\project\images\fig_159.jpg","C:\Users\ron\Documents\project\digital-benin-bloom\public\benin_output\atlas\oxford\1966.13.1_2.png","24","22","31","25.25","2286","2500","6","4","0.00175","74.92498","weak"
"C:\Users\ron\Documents\project\images\fig_324.jpg","C:\Users\ron\Documents\project\digital-benin-bloom\public\benin_output\atlas\oxford\1991.13.23.png","22","26","31","25.25","2376","2500","18","4","0.00168","74.91835","weak"
"C:\Users\ron\Documents\project\images\fig_384h.jpg","C:\Users\ron\Documents\project\digital-benin-bloom\public\benin_output\atlas\oxford\1966.13.1_2.png","26","24","25","25.25","2431","2500","4","4","0.00165","74.91454","weak"
"C:\Users\ron\Documents\project\images\fig_331.jpg","C:\Users\ron\Documents\project\digital-benin-bloom\public\benin_output\atlas\oxford\1991.13.17.1.png","26","25","24","25.25","2448","2453","12","4","0.00163","74.9134","weak"
"C:\Users\ron\Documents\project\images\fig_331h.jpg","C:\Users\ron\Documents\project\digital-benin-bloom\public\benin_output\atlas\oxford\1991.13.17.1.png","26","25","24","25.25","2500","2453","4","4","0.00163","74.91307","weak"
"C:\Users\ron\Documents\project\images\fig_333h.jpg","C:\Users\ron\Documents\project\digital-benin-bloom\public\benin_output\atlas\oxford\1966.13.1_2.png","24","20","33","25.25","2500","2500","12","4","0.0016","74.91","weak"
"C:\Users\ron\Documents\project\images\fig_192.jpg","C:\Users\ron\Documents\project\digital-benin-bloom\public\benin_output\atlas\oxford\1946.6.80_1.png","24","21","33","25.5","1130","1536","4","4","0.00354","74.85398","weak"
"C:\Users\ron\Documents\project\images\fig_204.jpg","C:\Users\ron\Documents\project\digital-benin-bloom\public\benin_output\atlas\oxford\1975.7.2_1.png","26","18","32","25.5","1679","2500","11","5","0.00298","74.7978","weak"
"C:\Users\ron\Documents\project\images\fig_149h.jpg","C:\Users\ron\Documents\project\digital-benin-bloom\public\benin_output\atlas\oxford\1991.13.23.png","22","25","33","25.5","2500","2500","19","7","0.0028","74.78","weak"
"C:\Users\ron\Documents\project\images\fig_367.jpg","C:\Users\ron\Documents\project\digital-benin-bloom\public\benin_output\atlas\oxford\1970.16.1.png","26","23","27","25.5","1981","2500","8","5","0.00252","74.7524","weak"
"C:\Users\ron\Documents\project\images\fig_107.jpg","C:\Users\ron\Documents\project\digital-benin-bloom\public\benin_output\atlas\oxford\1900.74.2.png","26","21","28","25.25","297","2500","2","0","0.0","74.75","weak"
"C:\Users\ron\Documents\project\images\fig_202.jpg","C:\Users\ron\Documents\project\digital-benin-bloom\public\benin_output\atlas\oxford\1908.65.1.png","28","18","27","25.25","327","2500","2","0","0.0","74.75","weak"
"C:\Users\ron\Documents\project\images\fig_392h.jpg","C:\Users\ron\Documents\project\digital-benin-bloom\public\benin_output\atlas\oxford\1995.1.2.png","26","21","28","25.25","2500","2412","3","0","0.0","74.75","weak"
"C:\Users\ron\Documents\project\images\fig_358h.jpg","C:\Users\ron\Documents\project\digital-benin-bloom\public\benin_output\atlas\oxford\1901.53.2.png","24","25","29","25.5","2500","2465","22","6","0.00243","74.74341","weak"
"C:\Users\ron\Documents\project\images\fig_149.jpg","C:\Users\ron\Documents\project\digital-benin-bloom\public\benin_output\atlas\oxford\1991.13.23.png","24","25","29","25.5","2163","2500","13","5","0.00231","74.73116","weak"
"C:\Users\ron\Documents\project\images\fig_064.jpg","C:\Users\ron\Documents\project\digital-benin-bloom\public\benin_output\atlas\oxford\1967.45.1.png","24","23","31","25.5","2188","2500","8","5","0.00229","74.72852","weak"
"C:\Users\ron\Documents\project\images\fig_235.jpg","C:\Users\ron\Documents\project\digital-benin-bloom\public\benin_output\atlas\oxford\1900.1.4.png","22","20","38","25.5","2273","2500","13","5","0.0022","74.71997","weak"
"C:\Users\ron\Documents\project\images\fig_215.jpg","C:\Users\ron\Documents\project\digital-benin-bloom\public\benin_output\atlas\oxford\1900.1.4.png","20","27","37","26.0","696","2500","7","5","0.00718","74.71839","weak"
"C:\Users\ron\Documents\project\images\fig_301h.jpg","C:\Users\ron\Documents\project\digital-benin-bloom\public\benin_output\atlas\oxford\2012.103.12.png","22","24","34","25.5","2500","1924","8","4","0.00208","74.7079","weak"
"C:\Users\ron\Documents\project\images\fig_204h.jpg","C:\Users\ron\Documents\project\digital-benin-bloom\public\benin_output\atlas\oxford\1899.86.12.png","24","24","30","25.5","2500","2484","14","5","0.00201","74.70129","weak"
"C:\Users\ron\Documents\project\images\fig_041h.jpg","C:\Users\ron\Documents\project\digital-benin-bloom\public\benin_output\atlas\oxford\1908.41.3.png","28","10","36","25.5","2500","2500","13","5","0.002","74.7","weak"
"C:\Users\ron\Documents\project\images\fig_372.jpg","C:\Users\ron\Documents\project\digital-benin-bloom\public\benin_output\atlas\oxford\1909.67.35.png","24","21","33","25.5","2300","2500","10","4","0.00174","74.67391","weak"
"C:\Users\ron\Documents\project\images\zill_t065.jpg","C:\Users\ron\Documents\project\digital-benin-bloom\public\benin_output\atlas\oxford\1992.20.1.png","20","31","31","25.5","2361","2500","7","4","0.00169","74.66942","weak"
"C:\Users\ron\Documents\project\images\fig_299.jpg","C:\Users\ron\Documents\project\digital-benin-bloom\public\benin_output\atlas\oxford\1991.13.10.2.png","24","28","28","26.0","2158","749","17","5","0.00668","74.66756","weak"
"C:\Users\ron\Documents\project\images\fig_041.jpg","C:\Users\ron\Documents\project\digital-benin-bloom\public\benin_output\atlas\oxford\1900.39.23.png","20","24","38","25.5","2397","2500","4","4","0.00167","74.66688","weak"
"C:\Users\ron\Documents\project\images\fig_092h.jpg","C:\Users\ron\Documents\project\digital-benin-bloom\public\benin_output\atlas\oxford\1900.39.7.png","22","22","36","25.5","2500","2496","10","4","0.0016","74.66026","weak"
"C:\Users\ron\Documents\project\images\fig_358.jpg","C:\Users\ron\Documents\project\digital-benin-bloom\public\benin_output\atlas\oxford\1901.53.2.png","24","25","29","25.5","2318","2465","11","3","0.00129","74.62942","weak"
"C:\Users\ron\Documents\project\images\fig_293h.jpg","C:\Users\ron\Documents\project\digital-benin-bloom\public\benin_output\atlas\oxford\1909.67.22.png","24","20","35","25.75","2500","1988","21","7","0.00352","74.60211","weak"
"C:\Users\ron\Documents\project\images\fig_049.jpg","C:\Users\ron\Documents\project\digital-benin-bloom\public\benin_output\atlas\oxford\1980.19.1.png","24","31","24","25.75","1735","2497","15","6","0.00346","74.59582","weak"
"C:\Users\ron\Documents\project\images\fig_363.jpg","C:\Users\ron\Documents\project\digital-benin-bloom\public\benin_output\atlas\oxford\1991.13.10.2.png","28","29","21","26.5","1915","749","20","8","0.01068","74.56809","weak"
"C:\Users\ron\Documents\project\images\fig_249h.jpg","C:\Users\ron\Documents\project\digital-benin-bloom\public\benin_output\atlas\oxford\1946.6.80_1.png","28","21","26","25.75","2018","1536","10","4","0.0026","74.51042","weak"
"C:\Users\ron\Documents\project\images\fig_317.jpg","C:\Users\ron\Documents\project\digital-benin-bloom\public\benin_output\atlas\oxford\1991.13.33.png","22","20","38","25.5","2452","2500","2","0","0.0","74.5","weak"
"C:\Users\ron\Documents\project\images\fig_302.jpg","C:\Users\ron\Documents\project\digital-benin-bloom\public\benin_output\atlas\oxford\1991.13.1_3.png","26","27","25","26.0","1221","2500","15","6","0.00491","74.4914","weak"
"C:\Users\ron\Documents\project\images\fig_082.jpg","C:\Users\ron\Documents\project\digital-benin-bloom\public\benin_output\atlas\oxford\1991.13.17.1.png","24","29","26","25.75","1775","2453","6","4","0.00225","74.47535","weak"
"C:\Users\ron\Documents\project\images\fig_384.jpg","C:\Users\ron\Documents\project\digital-benin-bloom\public\benin_output\atlas\oxford\1966.13.1_2.png","28","24","23","25.75","1855","2500","4","4","0.00216","74.46563","weak"
"C:\Users\ron\Documents\project\images\fig_139.jpg","C:\Users\ron\Documents\project\digital-benin-bloom\public\benin_output\atlas\oxford\1991.13.33.png","24","21","34","25.75","2382","2500","13","5","0.0021","74.45991","weak"
"C:\Users\ron\Documents\project\images\fig_265.jpg","C:\Users\ron\Documents\project\digital-benin-bloom\public\benin_output\atlas\oxford\1900.1.5.png","20","31","32","25.75","1931","2473","10","4","0.00207","74.45715","weak"
"C:\Users\ron\Documents\project\images\fig_188.jpg","C:\Users\ron\Documents\project\digital-benin-bloom\public\benin_output\atlas\oxford\1901.54.2.png","20","27","37","26.0","1809","1095","13","5","0.00457","74.45662","weak"
"C:\Users\ron\Documents\project\images\fig_130h.jpg","C:\Users\ron\Documents\project\digital-benin-bloom\public\benin_output\atlas\oxford\1991.13.9.png","20","23","40","25.75","2500","2500","11","5","0.002","74.45","weak"
"C:\Users\ron\Documents\project\images\fig_088.jpg","C:\Users\ron\Documents\project\digital-benin-bloom\public\benin_output\atlas\oxford\1991.13.17.1.png","26","25","26","25.75","2069","2453","5","4","0.00193","74.44333","weak"
"C:\Users\ron\Documents\project\images\fig_018h.jpg","C:\Users\ron\Documents\project\digital-benin-bloom\public\benin_output\atlas\oxford\1991.13.11.png","20","23","40","25.75","2499","2111","7","4","0.00189","74.43948","weak"
"C:\Users\ron\Documents\project\images\fig_217.jpg","C:\Users\ron\Documents\project\digital-benin-bloom\public\benin_output\atlas\oxford\1967.45.1.png","24","21","34","25.75","2303","2500","9","4","0.00174","74.42369","weak"
"C:\Users\ron\Documents\project\images\fig_082h.jpg","C:\Users\ron\Documents\project\digital-benin-bloom\public\benin_output\atlas\oxford\1991.13.17.1.png","24","29","26","25.75","2500","2453","6","4","0.00163","74.41307","weak"
"C:\Users\ron\Documents\project\images\fig_031h.jpg","C:\Users\ron\Documents\project\digital-benin-bloom\public\benin_output\atlas\oxford\1908.65.1.png","24","26","29","25.75","2500","2500","7","4","0.0016","74.41","weak"
"C:\Users\ron\Documents\project\images\fig_064h.jpg","C:\Users\ron\Documents\project\digital-benin-bloom\public\benin_output\atlas\oxford\1967.45.1.png","24","23","32","25.75","2500","2500","4","4","0.0016","74.41","weak"
"C:\Users\ron\Documents\project\images\fig_139h.jpg","C:\Users\ron\Documents\project\digital-benin-bloom\public\benin_output\atlas\oxford\1991.13.33.png","24","21","34","25.75","2500","2500","12","4","0.0016","74.41","weak"
"C:\Users\ron\Documents\project\images\fig_324h.jpg","C:\Users\ron\Documents\project\digital-benin-bloom\public\benin_output\atlas\oxford\1991.13.23.png","22","26","33","25.75","2500","2500","10","4","0.0016","74.41","weak"
"C:\Users\ron\Documents\project\images\zill_t072.jpg","C:\Users\ron\Documents\project\digital-benin-bloom\public\benin_output\atlas\oxford\1908.65.1.png","24","28","28","26.0","2500","2500","20","10","0.004","74.4","weak"
"C:\Users\ron\Documents\project\images\fig_232h.jpg","C:\Users\ron\Documents\project\digital-benin-bloom\public\benin_output\atlas\oxford\1941.2.118.png","26","22","32","26.5","2500","1004","24","9","0.00896","74.39641","weak"
"C:\Users\ron\Documents\project\images\fig_257h.jpg","C:\Users\ron\Documents\project\digital-benin-bloom\public\benin_output\atlas\oxford\1991.13.37.png","22","27","36","26.75","1225","359","9","4","0.01114","74.36421","weak"
"C:\Users\ron\Documents\project\images\fig_192h.jpg","C:\Users\ron\Documents\project\digital-benin-bloom\public\benin_output\atlas\oxford\1900.74.3.png","26","23","29","26.0","2027","2382","7","6","0.00296","74.296","weak"
"C:\Users\ron\Documents\project\images\fig_244.jpg","C:\Users\ron\Documents\project\digital-benin-bloom\public\benin_output\atlas\oxford\1983.25.3.png","26","25","29","26.5","511","2500","4","4","0.00783","74.28278","weak"
"C:\Users\ron\Documents\project\images\fig_060.jpg","C:\Users\ron\Documents\project\digital-benin-bloom\public\benin_output\atlas\oxford\1900.1.4.png","24","18","37","25.75","2371","2500","5","0","0.0","74.25","weak"
"C:\Users\ron\Documents\project\images\fig_122h.jpg","C:\Users\ron\Documents\project\digital-benin-bloom\public\benin_output\atlas\oxford\1900.74.2.png","28","23","25","26.0","2500","2500","11","6","0.0024","74.24","weak"
"C:\Users\ron\Documents\project\images\fig_392.jpg","C:\Users\ron\Documents\project\digital-benin-bloom\public\benin_output\atlas\oxford\1995.1.2.png","26","21","31","26.0","1966","2412","6","4","0.00203","74.20346","weak"
"C:\Users\ron\Documents\project\images\fig_153h.jpg","C:\Users\ron\Documents\project\digital-benin-bloom\public\benin_output\atlas\oxford\1900.1.5.png","24","25","31","26.0","2500","2473","18","5","0.00202","74.20218","weak"
"C:\Users\ron\Documents\project\images\fig_094.jpg","C:\Users\ron\Documents\project\digital-benin-bloom\public\benin_output\atlas\oxford\1967.45.1.png","24","27","29","26.0","1983","2500","4","4","0.00202","74.20171","weak"
"C:\Users\ron\Documents\project\images\fig_153.jpg","C:\Users\ron\Documents\project\digital-benin-bloom\public\benin_output\atlas\oxford\1991.13.16.png","22","29","31","26.0","2308","1985","10","4","0.00202","74.20151","weak"
"C:\Users\ron\Documents\project\images\fig_113h.jpg","C:\Users\ron\Documents\project\digital-benin-bloom\public\benin_output\atlas\oxford\1991.13.11.png","20","25","39","26.0","2500","2111","12","4","0.00189","74.18948","weak"
"C:\Users\ron\Documents\project\images\fig_031.jpg","C:\Users\ron\Documents\project\digital-benin-bloom\public\benin_output\atlas\oxford\1900.1.5.png","26","25","27","26.0","2257","2473","6","4","0.00177","74.17723","weak"
"C:\Users\ron\Documents\project\images\fig_019.jpg","C:\Users\ron\Documents\project\digital-benin-bloom\public\benin_output\atlas\oxford\1941.2.124.png","26","22","30","26.0","2292","2500","6","4","0.00175","74.17452","weak"
"C:\Users\ron\Documents\project\images\fig_084h.jpg","C:\Users\ron\Documents\project\digital-benin-bloom\public\benin_output\atlas\oxford\1991.13.17.1.png","24","27","29","26.0","2500","2453","8","4","0.00163","74.16307","weak"
"C:\Users\ron\Documents\project\images\fig_011h.jpg","C:\Users\ron\Documents\project\digital-benin-bloom\public\benin_output\atlas\oxford\1900.1.5.png","26","19","33","26.0","2500","2473","5","4","0.00162","74.16175","weak"
"C:\Users\ron\Documents\project\images\fig_060h.jpg","C:\Users\ron\Documents\project\digital-benin-bloom\public\benin_output\atlas\oxford\1900.1.4.png","24","18","38","26.0","2500","2500","8","4","0.0016","74.16","weak"
"C:\Users\ron\Documents\project\images\fig_076h.jpg","C:\Users\ron\Documents\project\digital-benin-bloom\public\benin_output\atlas\oxford\1909.1.1_1.png","24","26","30","26.0","2500","2500","8","4","0.0016","74.16","weak"
"C:\Users\ron\Documents\project\images\fig_232.jpg","C:\Users\ron\Documents\project\digital-benin-bloom\public\benin_output\atlas\oxford\1991.13.7.png","22","22","38","26.0","2500","2500","13","4","0.0016","74.16","weak"
"C:\Users\ron\Documents\project\images\fig_372h.jpg","C:\Users\ron\Documents\project\digital-benin-bloom\public\benin_output\atlas\oxford\1909.67.35.png","24","21","35","26.0","2500","2500","10","4","0.0016","74.16","weak"
"C:\Users\ron\Documents\project\images\fig_231.jpg","C:\Users\ron\Documents\project\digital-benin-bloom\public\benin_output\atlas\oxford\1941.2.117.png","24","20","37","26.25","2155","2500","11","8","0.00371","74.12123","weak"
"C:\Users\ron\Documents\project\images\fig_215h.jpg","C:\Users\ron\Documents\project\digital-benin-bloom\public\benin_output\atlas\oxford\1900.1.4.png","20","28","37","26.25","1807","2500","21","6","0.00332","74.08204","weak"
"C:\Users\ron\Documents\project\images\fig_088h.jpg","C:\Users\ron\Documents\project\digital-benin-bloom\public\benin_output\atlas\oxford\1991.13.17.1.png","26","25","27","26.0","2500","2453","12","2","0.00082","74.08153","weak"
"C:\Users\ron\Documents\project\images\fig_056.jpg","C:\Users\ron\Documents\project\digital-benin-bloom\public\benin_output\atlas\oxford\1946.6.80_1.png","22","27","34","26.25","2364","1536","11","5","0.00326","74.07552","weak"
"C:\Users\ron\Documents\project\images\fig_110.jpg","C:\Users\ron\Documents\project\digital-benin-bloom\public\benin_output\atlas\oxford\1991.13.6.png","22","33","30","26.75","490","2128","6","4","0.00816","74.06633","weak"
"C:\Users\ron\Documents\project\images\fig_374h.jpg","C:\Users\ron\Documents\project\digital-benin-bloom\public\benin_output\atlas\oxford\1991.13.9.png","26","25","28","26.25","2500","2500","16","7","0.0028","74.03","weak"
"C:\Users\ron\Documents\project\images\fig_284h.jpg","C:\Users\ron\Documents\project\digital-benin-bloom\public\benin_output\atlas\oxford\1900.1.5.png","26","26","27","26.25","1931","2473","8","5","0.00259","74.00893","weak"
"C:\Users\ron\Documents\project\images\fig_076.jpg","C:\Users\ron\Documents\project\digital-benin-bloom\public\benin_output\atlas\oxford\1909.1.1_1.png","24","26","30","26.0","2363","2500","3","0","0.0","74.0","weak"
"C:\Users\ron\Documents\project\images\fig_172.jpg","C:\Users\ron\Documents\project\digital-benin-bloom\public\benin_output\atlas\oxford\1917.2.13.png","20","27","37","26.0","1925","2500","5","0","0.0","74.0","weak"
"C:\Users\ron\Documents\project\images\fig_386h.jpg","C:\Users\ron\Documents\project\digital-benin-bloom\public\benin_output\atlas\oxford\1901.56.2.png","26","23","30","26.25","1664","2500","6","4","0.0024","73.99038","weak"
"C:\Users\ron\Documents\project\images\fig_223.jpg","C:\Users\ron\Documents\project\digital-benin-bloom\public\benin_output\atlas\oxford\1923.2.1.png","28","18","32","26.5","1923","1430","21","7","0.0049","73.98951","weak"
"C:\Users\ron\Documents\project\images\fig_231h.jpg","C:\Users\ron\Documents\project\digital-benin-bloom\public\benin_output\atlas\oxford\1941.2.117.png","24","20","37","26.25","2500","2500","7","5","0.002","73.95","weak"
"C:\Users\ron\Documents\project\images\fig_235h.jpg","C:\Users\ron\Documents\project\digital-benin-bloom\public\benin_output\atlas\oxford\1900.1.4.png","22","20","41","26.25","2500","2500","13","5","0.002","73.95","weak"
"C:\Users\ron\Documents\project\images\fig_302h.jpg","C:\Users\ron\Documents\project\digital-benin-bloom\public\benin_output\atlas\oxford\1983.25.1.png","24","26","31","26.25","2358","2500","7","4","0.0017","73.91964","weak"
"C:\Users\ron\Documents\project\images\fig_350.jpg","C:\Users\ron\Documents\project\digital-benin-bloom\public\benin_output\atlas\oxford\1901.53.3.png","26","22","32","26.5","1630","2224","12","5","0.00307","73.80675","weak"
"C:\Users\ron\Documents\project\images\fig_217h.jpg","C:\Users\ron\Documents\project\digital-benin-bloom\public\benin_output\atlas\oxford\1967.45.1.png","24","21","37","26.5","2500","2500","12","7","0.0028","73.78","weak"
"C:\Users\ron\Documents\project\images\fig_084.jpg","C:\Users\ron\Documents\project\digital-benin-bloom\public\benin_output\atlas\oxford\1991.13.17.1.png","24","27","30","26.25","2271","2453","9","0","0.0","73.75","weak"
"C:\Users\ron\Documents\project\images\fig_374.jpg","C:\Users\ron\Documents\project\digital-benin-bloom\public\benin_output\atlas\oxford\1991.13.9.png","26","25","29","26.5","2041","2500","10","5","0.00245","73.74498","weak"
"C:\Users\ron\Documents\project\images\fig_350h.jpg","C:\Users\ron\Documents\project\digital-benin-bloom\public\benin_output\atlas\oxford\1901.53.3.png","26","22","32","26.5","2488","2224","11","5","0.00225","73.72482","weak"
"C:\Users\ron\Documents\project\images\fig_011.jpg","C:\Users\ron\Documents\project\digital-benin-bloom\public\benin_output\atlas\oxford\1900.1.5.png","26","19","35","26.5","2103","2473","6","4","0.0019","73.6902","weak"
"C:\Users\ron\Documents\project\images\fig_100.jpg","C:\Users\ron\Documents\project\digital-benin-bloom\public\benin_output\atlas\oxford\1970.16.1.png","26","19","35","26.5","2162","2500","7","4","0.00185","73.68501","weak"
"C:\Users\ron\Documents\project\images\fig_096h.jpg","C:\Users\ron\Documents\project\digital-benin-bloom\public\benin_output\atlas\oxford\1991.13.35.png","24","25","34","26.75","2500","1189","10","5","0.00421","73.67052","weak"
"C:\Users\ron\Documents\project\images\fig_141.jpg","C:\Users\ron\Documents\project\digital-benin-bloom\public\benin_output\atlas\oxford\1900.74.2.png","28","32","18","26.5","2389","2500","4","4","0.00167","73.66743","weak"
"C:\Users\ron\Documents\project\images\fig_141h.jpg","C:\Users\ron\Documents\project\digital-benin-bloom\public\benin_output\atlas\oxford\1900.74.2.png","28","32","18","26.5","2500","2500","5","4","0.0016","73.66","weak"
"C:\Users\ron\Documents\project\images\fig_222.jpg","C:\Users\ron\Documents\project\digital-benin-bloom\public\benin_output\atlas\oxford\1900.39.23.png","22","25","38","26.75","1531","2500","11","5","0.00327","73.57658","weak"
"C:\Users\ron\Documents\project\images\fig_147.jpg","C:\Users\ron\Documents\project\digital-benin-bloom\public\benin_output\atlas\oxford\1946.6.80_1.png","28","20","31","26.75","1653","1536","10","5","0.00326","73.57552","weak"
"C:\Users\ron\Documents\project\images\fig_110h.jpg","C:\Users\ron\Documents\project\digital-benin-bloom\public\benin_output\atlas\oxford\1900.39.3.png","26","28","27","26.75","2038","2500","19","6","0.00294","73.54441","weak"
"C:\Users\ron\Documents\project\images\fig_299h.jpg","C:\Users\ron\Documents\project\digital-benin-bloom\public\benin_output\atlas\oxford\1991.13.10.2.png","24","29","31","27.0","2500","749","20","4","0.00534","73.53405","weak"
"C:\Users\ron\Documents\project\images\fig_369.jpg","C:\Users\ron\Documents\project\digital-benin-bloom\public\benin_output\atlas\oxford\1909.67.36.png","24","28","31","26.75","2385","2430","11","6","0.00252","73.50157","weak"
"C:\Users\ron\Documents\project\images\fig_019h.jpg","C:\Users\ron\Documents\project\digital-benin-bloom\public\benin_output\atlas\oxford\1941.2.124.png","26","22","32","26.5","2500","2500","3","0","0.0","73.5","weak"
"C:\Users\ron\Documents\project\images\fig_122.jpg","C:\Users\ron\Documents\project\digital-benin-bloom\public\benin_output\atlas\oxford\1900.1.4.png","22","24","38","26.5","2377","2500","3","0","0.0","73.5","weak"
"C:\Users\ron\Documents\project\images\fig_119.jpg","C:\Users\ron\Documents\project\digital-benin-bloom\public\benin_output\atlas\oxford\1991.13.7.png","24","24","35","26.75","2107","2500","8","5","0.00237","73.4873","weak"
"C:\Users\ron\Documents\project\images\fig_196h.jpg","C:\Users\ron\Documents\project\digital-benin-bloom\public\benin_output\atlas\oxford\1902.52.1_1.png","28","24","28","27.0","1606","1746","6","5","0.00311","73.31133","weak"
"C:\Users\ron\Documents\project\images\fig_178h.jpg","C:\Users\ron\Documents\project\digital-benin-bloom\public\benin_output\atlas\oxford\1946.6.80_1.png","22","28","35","26.75","1588","1536","5","0","0.0","73.25","weak"
"C:\Users\ron\Documents\project\images\fig_258h.jpg","C:\Users\ron\Documents\project\digital-benin-bloom\public\benin_output\atlas\oxford\1938.34.94_1.png","28","25","27","27.0","2500","2240","13","5","0.00223","73.22321","weak"
"C:\Users\ron\Documents\project\images\fig_265h.jpg","C:\Users\ron\Documents\project\digital-benin-bloom\public\benin_output\atlas\oxford\1900.1.5.png","22","30","34","27.0","2500","2473","10","4","0.00162","73.16175","weak"
"C:\Users\ron\Documents\project\images\fig_100h.jpg","C:\Users\ron\Documents\project\digital-benin-bloom\public\benin_output\atlas\oxford\1970.16.1.png","26","19","37","27.0","2500","2500","6","4","0.0016","73.16","weak"
"C:\Users\ron\Documents\project\images\fig_119h.jpg","C:\Users\ron\Documents\project\digital-benin-bloom\public\benin_output\atlas\oxford\1900.74.2.png","24","24","36","27.0","2500","2500","6","4","0.0016","73.16","weak"
"C:\Users\ron\Documents\project\images\fig_182.jpg","C:\Users\ron\Documents\project\digital-benin-bloom\public\benin_output\atlas\oxford\1946.6.80_1.png","24","26","35","27.25","2264","1536","6","4","0.0026","73.01042","weak"
"C:\Users\ron\Documents\project\images\fig_096.jpg","C:\Users\ron\Documents\project\digital-benin-bloom\public\benin_output\atlas\oxford\1991.13.35.png","24","25","35","27.0","1962","1189","2","0","0.0","73.0","weak"
"C:\Users\ron\Documents\project\images\fig_174.jpg","C:\Users\ron\Documents\project\digital-benin-bloom\public\benin_output\atlas\oxford\1909.1.2.png","28","22","31","27.25","1827","2320","6","4","0.00219","72.96894","weak"
"C:\Users\ron\Documents\project\images\fig_268.jpg","C:\Users\ron\Documents\project\digital-benin-bloom\public\benin_output\atlas\oxford\1901.53.4.png","26","28","29","27.25","2021","2433","9","4","0.00198","72.94792","weak"
"C:\Users\ron\Documents\project\images\fig_369h.jpg","C:\Users\ron\Documents\project\digital-benin-bloom\public\benin_output\atlas\oxford\1909.67.36.png","24","28","33","27.25","2500","2430","8","4","0.00165","72.91461","weak"
"C:\Users\ron\Documents\project\images\fig_094h.jpg","C:\Users\ron\Documents\project\digital-benin-bloom\public\benin_output\atlas\oxford\1967.45.1.png","24","27","34","27.25","2500","2500","9","4","0.0016","72.91","weak"
"C:\Users\ron\Documents\project\images\fig_079.jpg","C:\Users\ron\Documents\project\digital-benin-bloom\public\benin_output\atlas\oxford\1991.13.10.2.png","26","33","27","28.0","2271","749","13","6","0.00801","72.80107","weak"
"C:\Users\ron\Documents\project\images\fig_182h.jpg","C:\Users\ron\Documents\project\digital-benin-bloom\public\benin_output\atlas\oxford\1946.6.80_1.png","24","26","36","27.5","2500","1536","6","4","0.0026","72.76042","weak"
"C:\Users\ron\Documents\project\images\fig_058.jpg","C:\Users\ron\Documents\project\digital-benin-bloom\public\benin_output\atlas\oxford\1902.52.1_1.png","24","26","35","27.25","2165","1746","3","0","0.0","72.75","weak"
"C:\Users\ron\Documents\project\images\fig_058h.jpg","C:\Users\ron\Documents\project\digital-benin-bloom\public\benin_output\atlas\oxford\1902.52.1_1.png","24","26","36","27.5","2500","1746","6","4","0.00229","72.7291","weak"
"C:\Users\ron\Documents\project\images\fig_258.jpg","C:\Users\ron\Documents\project\digital-benin-bloom\public\benin_output\atlas\oxford\1898.26.1.1.png","26","31","27","27.5","2357","2400","5","4","0.0017","72.66971","weak"
"C:\Users\ron\Documents\project\images\fig_320h.jpg","C:\Users\ron\Documents\project\digital-benin-bloom\public\benin_output\atlas\oxford\1938.34.94_1.png","24","23","41","28.0","2500","2240","31","12","0.00536","72.53571","weak"
"C:\Users\ron\Documents\project\images\fig_079h.jpg","C:\Users\ron\Documents\project\digital-benin-bloom\public\benin_output\atlas\oxford\1901.56.1.png","24","30","33","27.75","2500","2500","20","7","0.0028","72.53","weak"
"C:\Users\ron\Documents\project\images\fig_196.jpg","C:\Users\ron\Documents\project\digital-benin-bloom\public\benin_output\atlas\oxford\1902.52.1_1.png","28","24","30","27.5","80","1746","0","0","0.0","72.5","weak"
"C:\Users\ron\Documents\project\images\fig_268h.jpg","C:\Users\ron\Documents\project\digital-benin-bloom\public\benin_output\atlas\oxford\1901.53.4.png","26","28","31","27.75","2500","2433","16","2","0.00082","72.3322","weak"
"C:\Users\ron\Documents\project\images\fig_320.jpg","C:\Users\ron\Documents\project\digital-benin-bloom\public\benin_output\atlas\oxford\1938.34.94_1.png","24","23","41","28.0","2390","2240","20","7","0.00313","72.3125","weak"
"C:\Users\ron\Documents\project\images\fig_277.jpg","C:\Users\ron\Documents\project\digital-benin-bloom\public\benin_output\atlas\oxford\1900.39.23.png","28","22","33","27.75","2404","2500","3","0","0.0","72.25","weak"
"C:\Users\ron\Documents\project\images\fig_277h.jpg","C:\Users\ron\Documents\project\digital-benin-bloom\public\benin_output\atlas\oxford\1900.39.23.png","28","22","34","28.0","2500","2500","9","5","0.002","72.2","weak"
"C:\Users\ron\Documents\project\images\fig_132.jpg","C:\Users\ron\Documents\project\digital-benin-bloom\public\benin_output\atlas\oxford\1991.13.23.png","28","22","34","28.0","2080","2500","6","4","0.00192","72.19231","weak"
"C:\Users\ron\Documents\project\images\fig_062.jpg","C:\Users\ron\Documents\project\digital-benin-bloom\public\benin_output\atlas\oxford\1991.13.17.1.png","26","28","32","28.0","2453","2453","4","4","0.00163","72.16307","weak"
"C:\Users\ron\Documents\project\images\fig_062h.jpg","C:\Users\ron\Documents\project\digital-benin-bloom\public\benin_output\atlas\oxford\1970.16.1.png","28","21","35","28.0","2500","2500","7","4","0.0016","72.16","weak"
"C:\Users\ron\Documents\project\images\fig_132h.jpg","C:\Users\ron\Documents\project\digital-benin-bloom\public\benin_output\atlas\oxford\1966.13.1_2.png","28","26","31","28.25","2500","2500","3","0","0.0","71.75","weak"
"C:\Users\ron\Documents\project\images\fig_219h.jpg","C:\Users\ron\Documents\project\digital-benin-bloom\public\benin_output\atlas\oxford\1923.2.1.png","34","22","27","29.25","2500","1430","26","8","0.00559","71.30944","weak"
"C:\Users\ron\Documents\project\images\fig_219.jpg","C:\Users\ron\Documents\project\digital-benin-bloom\public\benin_output\atlas\oxford\1991.13.9.png","28","27","33","29.0","2324","2500","14","6","0.00258","71.25818","weak"
