artifact_id,source_image,source_detail_image,linked_accession_number,atlas_page_image,atlas_page_number,atlas_data_quality,oxford_image,oxford_image_status,oxford_description,oxford_provenance,oxford_section,confidence,note
fig_009,fig_009.jpg,fig_009h.jpg,1901.32.9,page_009.png,9,1,,,,,,page_link_only_unresolved,This is not a visual match. It is the existing atlas figure-to-accession link resolved against Oxford metadata.
fig_010,fig_010.jpg,fig_010h.jpg,1904.59.19,page_010.png,10,1,,,,,,page_link_only_unresolved,This is not a visual match. It is the existing atlas figure-to-accession link resolved against Oxford metadata.
fig_011,fig_011.jpg,fig_011h.jpg,1918.9.25,page_011.png,11,1,,,,,,page_link_only_unresolved,This is not a visual match. It is the existing atlas figure-to-accession link resolved against Oxford metadata.
fig_016,fig_016.jpg,fig_016h.jpg,1978.412.340,page_016.png,16,1,,,,,,page_link_only_unresolved,This is not a visual match. It is the existing atlas figure-to-accession link resolved against Oxford metadata.
fig_017,fig_017.jpg,fig_017h.jpg,1901.51.1,page_017.png,17,1,,,,,,page_link_only_unresolved,This is not a visual match. It is the existing atlas figure-to-accession link resolved against Oxford metadata.
fig_019,fig_019.jpg,fig_019h.jpg,1975.5.1,page_019.png,19,1,,,,,,page_link_only_unresolved,This is not a visual match. It is the existing atlas figure-to-accession link resolved against Oxford metadata.
fig_020,fig_020.jpg,fig_020h.jpg,1941.2.12,page_020.png,20,1,,,,,,page_link_only_unresolved,This is not a visual match. It is the existing atlas figure-to-accession link resolved against Oxford metadata.
fig_021,fig_021.jpg,fig_021h.jpg,1898.26.1,page_021.png,21,3,,,,Felix Norman Roth,2.13,page_link_only_unresolved,This is not a visual match. It is the existing atlas figure-to-accession link resolved against Oxford metadata.
fig_025,fig_025.jpg,fig_025h.jpg,1900.1.6.7,page_025.png,25,1,,,,,,page_link_only_unresolved,This is not a visual match. It is the existing atlas figure-to-accession link resolved against Oxford metadata.
fig_028,fig_028.jpg,fig_028h.jpg,2019.32.1,page_028.png,28,1,,,,,,page_link_only_unresolved,This is not a visual match. It is the existing atlas figure-to-accession link resolved against Oxford metadata.
fig_031,fig_031.jpg,fig_031h.jpg,1898.26.1.2,page_031.png,31,2,1898.26.1.1_1.png,available,Brass powder cylinder cover,Felix Norman Roth,2.13,page_link_resolved_to_oxford_record,This is not a visual match. It is the existing atlas figure-to-accession link resolved against Oxford metadata.
fig_038,fig_038.jpg,fig_038h.jpg,1901.53.10,page_038.png,38,2,,,Bronze pellet bell,Stevens Auction Rooms,2.4,page_link_resolved_to_oxford_record,This is not a visual match. It is the existing atlas figure-to-accession link resolved against Oxford metadata.
fig_049,fig_049.jpg,fig_049h.jpg,1991.13.44,page_049.png,49,2,,,Perforated agate bead,Admiral Sir George Le Clerc Egerton,2.2,page_link_resolved_to_oxford_record,This is not a visual match. It is the existing atlas figure-to-accession link resolved against Oxford metadata.
fig_053,fig_053.jpg,fig_053h.jpg,1898.26.1.1,page_053.png,53,2,1898.26.1.1_1.png,available,Brass powder cylinder,Felix Norman Roth,2.13,page_link_resolved_to_oxford_record,This is not a visual match. It is the existing atlas figure-to-accession link resolved against Oxford metadata.
fig_054,fig_054.jpg,fig_054h.jpg,1899.78.4.1,page_054.png,54,4,,,Wooden weaving sword,William Downing Webster,2.5,page_link_resolved_to_oxford_record,This is not a visual match. It is the existing atlas figure-to-accession link resolved against Oxford metadata.
fig_055,fig_055.jpg,fig_055h.jpg,1899.86.12,page_055.png,55,2,1899.86.12.png,available,Bronze plaque with the image of a serpent,Stevens Auction Rooms,2.4,page_link_resolved_to_oxford_record,This is not a visual match. It is the existing atlas figure-to-accession link resolved against Oxford metadata.
fig_056,fig_056.jpg,fig_056h.jpg,1899.86.13,page_056.png,56,2,1899.86.13.png,available,Bronze foot broken from a figure,Stevens Auction Rooms,2.4,page_link_resolved_to_oxford_record,This is not a visual match. It is the existing atlas figure-to-accession link resolved against Oxford metadata.
fig_057,fig_057.jpg,fig_057h.jpg,1900.1.4,page_057.png,57,2,1900.1.4.png,available,Wooden sansa-type musical instrument,Stevens Auction Rooms,2.4,page_link_resolved_to_oxford_record,This is not a visual match. It is the existing atlas figure-to-accession link resolved against Oxford metadata.
fig_058,fig_058.jpg,fig_058h.jpg,1900.1.5,page_058.png,58,2,1900.1.5.png,available,Wooden sansa-type musical instrument,Stevens Auction Rooms,2.4,page_link_resolved_to_oxford_record,This is not a visual match. It is the existing atlas figure-to-accession link resolved against Oxford metadata.
fig_059,fig_059.jpg,fig_059h.jpg,1900.32.4,page_059.png,59,2,1900.32.4_2.png,available,String of cylindrical coral beads,possibly from a ceremonial fly-whisk,"Donated per Harold St George Gray in September 1900, after General Pitt-Rivers’ death. Probably split from a necklace recorded as figure 229 in Pitt-Rivers 1900. See discussion in Section 2.7",page_link_resolved_to_oxford_record,This is not a visual match. It is the existing atlas figure-to-accession link resolved against Oxford metadata.
fig_060,fig_060.jpg,fig_060h.jpg,1900.39.1,page_060.png,60,4,1900.39.1.png,available,Brass relief plaque depicting a human figure,Mary Henrietta Kingsley,2.3,page_link_resolved_to_oxford_record,This is not a visual match. It is the existing atlas figure-to-accession link resolved against Oxford metadata.
fig_061,fig_061.jpg,fig_061h.jpg,1900.39.2,page_061.png,61,4,1900.39.2_1.png,available,Brass relief plaque depicting a fish,Mary Henrietta Kingsley,2.3,page_link_resolved_to_oxford_record,This is not a visual match. It is the existing atlas figure-to-accession link resolved against Oxford metadata.
fig_062,fig_062.jpg,fig_062h.jpg,1900.39.3,page_062.png,62,4,1900.39.3.png,available,Brass sculpture or altar-piece in the form of a morion-shaped helmet,Mary Henrietta Kingsley,2.3,page_link_resolved_to_oxford_record,This is not a visual match. It is the existing atlas figure-to-accession link resolved against Oxford metadata.
fig_063,fig_063.jpg,fig_063h.jpg,1900.39.4,page_063.png,63,4,1900.39.4.png,available,Brass ceremonial casket with a cover and chain for suspension with relief decoration and chased work,Mary Henrietta Kingsley,2.3,page_link_resolved_to_oxford_record,This is not a visual match. It is the existing atlas figure-to-accession link resolved against Oxford metadata.
fig_064,fig_064.jpg,fig_064h.jpg,1900.39.5,page_064.png,64,4,1900.39.5.png,available,Brass staff with the figure of a bird,Mary Henrietta Kingsley,2.3,page_link_resolved_to_oxford_record,This is not a visual match. It is the existing atlas figure-to-accession link resolved against Oxford metadata.
fig_065,fig_065.jpg,fig_065h.jpg,1900.39.6,page_065.png,65,4,1900.39.6.png,available,Bronze hip-ornament mask,Mary Henrietta Kingsley,2.3,page_link_resolved_to_oxford_record,This is not a visual match. It is the existing atlas figure-to-accession link resolved against Oxford metadata.
fig_066,fig_066.jpg,fig_066h.jpg,1900.39.7,page_066.png,66,4,1900.39.7.png,available,Bronze hip-ornament mask depicting a ram’s head,Mary Henrietta Kingsley,2.3,page_link_resolved_to_oxford_record,This is not a visual match. It is the existing atlas figure-to-accession link resolved against Oxford metadata.
fig_067,fig_067.jpg,fig_067h.jpg,1900.39.8,page_067.png,67,4,1900.39.8_1.png,available,Bronze hip-ornament mask depicting a crocodile’s head,Mary Henrietta Kingsley,2.3,page_link_resolved_to_oxford_record,This is not a visual match. It is the existing atlas figure-to-accession link resolved against Oxford metadata.
fig_068,fig_068.jpg,fig_068h.jpg,1900.39.9,page_068.png,68,4,1900.39.9.png,available,Bronze hip-ornament mask depicting a crocodile’s head,Mary Henrietta Kingsley,2.3,page_link_resolved_to_oxford_record,This is not a visual match. It is the existing atlas figure-to-accession link resolved against Oxford metadata.
fig_069,fig_069.jpg,fig_069h.jpg,1900.39.10,page_069.png,69,4,1900.39.10_1.png,available,Bronze bell,Mary Henrietta Kingsley,2.3,page_link_resolved_to_oxford_record,This is not a visual match. It is the existing atlas figure-to-accession link resolved against Oxford metadata.
fig_070,fig_070.jpg,fig_070h.jpg,1900.39.11,page_070.png,70,4,,,Bronze bell,Mary Henrietta Kingsley,2.3,page_link_resolved_to_oxford_record,This is not a visual match. It is the existing atlas figure-to-accession link resolved against Oxford metadata.
fig_071,fig_071.jpg,fig_071h.jpg,1900.39.12,page_071.png,71,4,,,Bronze armlet with open-work decoration,Mary Henrietta Kingsley,2.3,page_link_resolved_to_oxford_record,This is not a visual match. It is the existing atlas figure-to-accession link resolved against Oxford metadata.
fig_072,fig_072.jpg,fig_072h.jpg,1900.39.13,page_072.png,72,4,,,Bronze armlet with open-work decoration,Mary Henrietta Kingsley,2.3,page_link_resolved_to_oxford_record,This is not a visual match. It is the existing atlas figure-to-accession link resolved against Oxford metadata.
fig_073,fig_073.jpg,fig_073h.jpg,1900.39.14,page_073.png,73,4,,,Copper armlet with bronze decoration depicting two faces,Mary Henrietta Kingsley,2.3,page_link_resolved_to_oxford_record,This is not a visual match. It is the existing atlas figure-to-accession link resolved against Oxford metadata.
fig_074,fig_074.jpg,fig_074h.jpg,1900.39.15,page_074.png,74,4,,,Bronze penannular leg-ring or armlet,Mary Henrietta Kingsley,2.3,page_link_resolved_to_oxford_record,This is not a visual match. It is the existing atlas figure-to-accession link resolved against Oxford metadata.
fig_075,fig_075.jpg,fig_075h.jpg,1900.39.16,page_075.png,75,4,,,Copper armlet,Mary Henrietta Kingsley,2.3,page_link_resolved_to_oxford_record,This is not a visual match. It is the existing atlas figure-to-accession link resolved against Oxford metadata.
fig_076,fig_076.jpg,fig_076h.jpg,1900.39.17,page_076.png,76,4,,,Iron armlet,Mary Henrietta Kingsley,2.3,page_link_resolved_to_oxford_record,This is not a visual match. It is the existing atlas figure-to-accession link resolved against Oxford metadata.
fig_077,fig_077.jpg,fig_077h.jpg,1900.39.18,page_077.png,77,4,,,Bronze cone-shaped object,possibly a hip-ornament,"Bequeathed to the Pitt Rivers Museum by Mary Henrietta Kingsley (1862-1900), who recorded it was taken in the 1897 attack. See discussion in Section 2.3",page_link_resolved_to_oxford_record,This is not a visual match. It is the existing atlas figure-to-accession link resolved against Oxford metadata.
fig_078,fig_078.jpg,fig_078h.jpg,1900.39.19,page_078.png,78,4,,,Ivory armlet,Mary Henrietta Kingsley,2.3,page_link_resolved_to_oxford_record,This is not a visual match. It is the existing atlas figure-to-accession link resolved against Oxford metadata.
fig_079,fig_079.jpg,fig_079h.jpg,1900.39.20,page_079.png,79,4,,,Ivory hip-ornament mask depicting a leopard,Mary Henrietta Kingsley,2.3,page_link_resolved_to_oxford_record,This is not a visual match. It is the existing atlas figure-to-accession link resolved against Oxford metadata.
fig_080,fig_080.jpg,fig_080h.jpg,1900.39.21,page_080.png,80,4,1900.39.21.png,available,Ivory door-bolt from the Royal Palace,Mary Henrietta Kingsley,2.3,page_link_resolved_to_oxford_record,This is not a visual match. It is the existing atlas figure-to-accession link resolved against Oxford metadata.
fig_081,fig_081.jpg,fig_081h.jpg,1900.39.22,page_081.png,81,4,1900.39.22_1.png,available,Brass ceremonial fan with repoussé decoration,Mary Henrietta Kingsley,2.3,page_link_resolved_to_oxford_record,This is not a visual match. It is the existing atlas figure-to-accession link resolved against Oxford metadata.
fig_082,fig_082.jpg,fig_082h.jpg,1900.39.23,page_082.png,82,4,1900.39.23.png,available,Wooden lidded bowl or casket overlaid with brass,in the form of an animal’s head,"Bequeathed to the Pitt Rivers Museum by Mary Henrietta Kingsley (1862-1900), who recorded it was taken in the 1897 attack. See discussion in Section 2.3",page_link_resolved_to_oxford_record,This is not a visual match. It is the existing atlas figure-to-accession link resolved against Oxford metadata.
fig_083,fig_083.jpg,fig_083h.jpg,1900.39.24,page_083.png,83,4,1900.39.24.png,available,Wooden figure of a horse-rider,probably broken from a staff,"Bequeathed to the Pitt Rivers Museum by Mary Henrietta Kingsley (1862-1900), who recorded it was taken in the 1897 attack. See discussion in Section 2.3",page_link_resolved_to_oxford_record,This is not a visual match. It is the existing atlas figure-to-accession link resolved against Oxford metadata.
fig_084,fig_084.jpg,fig_084h.jpg,1900.39.25,page_084.png,84,4,,,Carved coconut vessel with incised guilloché decoration,Mary Henrietta Kingsley,2.3,page_link_resolved_to_oxford_record,This is not a visual match. It is the existing atlas figure-to-accession link resolved against Oxford metadata.
fig_085,fig_085.jpg,fig_085h.jpg,1900.39.26,page_085.png,85,4,1900.39.26.png,available,Carved coconut vessel with incised guilloché decoration,Mary Henrietta Kingsley,2.3,page_link_resolved_to_oxford_record,This is not a visual match. It is the existing atlas figure-to-accession link resolved against Oxford metadata.
fig_086,fig_086.jpg,fig_086h.jpg,1900.39.27.2,page_086.png,86,2,1900.39.27.1.png,available,Iron armlet containing jingling pellets,Mary Henrietta Kingsley,2.3,page_link_resolved_to_oxford_record,This is not a visual match. It is the existing atlas figure-to-accession link resolved against Oxford metadata.
fig_087,fig_087.jpg,fig_087h.jpg,1900.74.1,page_087.png,87,4,1900.74.1.png,available,Brass vessel,George Fabian Lawrence,2.10,page_link_resolved_to_oxford_record,This is not a visual match. It is the existing atlas figure-to-accession link resolved against Oxford metadata.
fig_088,fig_088.jpg,fig_088h.jpg,1900.74.2,page_088.png,88,4,1900.74.2.png,available,Brass armlet with openwork decoration,George Fabian Lawrence,2.10,page_link_resolved_to_oxford_record,This is not a visual match. It is the existing atlas figure-to-accession link resolved against Oxford metadata.
fig_089,fig_089.jpg,fig_089h.jpg,1900.74.3,page_089.png,89,4,1900.74.3.png,available,Bronze bracelet,George Fabian Lawrence,2.10,page_link_resolved_to_oxford_record,This is not a visual match. It is the existing atlas figure-to-accession link resolved against Oxford metadata.
fig_090,fig_090.jpg,fig_090h.jpg,1901.53.2,page_090.png,90,2,1901.53.2.png,available,Bronze arm-ring,Stevens Auction Rooms,2.4,page_link_resolved_to_oxford_record,This is not a visual match. It is the existing atlas figure-to-accession link resolved against Oxford metadata.
fig_091,fig_091.jpg,fig_091h.jpg,1901.53.3,page_091.png,91,2,1901.53.3.png,available,Bronze arm-ring,Stevens Auction Rooms,2.4,page_link_resolved_to_oxford_record,This is not a visual match. It is the existing atlas figure-to-accession link resolved against Oxford metadata.
fig_092,fig_092.jpg,fig_092h.jpg,1901.53.4,page_092.png,92,2,1901.53.4.png,available,Bronze pellet bell,Stevens Auction Rooms,2.4,page_link_resolved_to_oxford_record,This is not a visual match. It is the existing atlas figure-to-accession link resolved against Oxford metadata.
fig_093,fig_093.jpg,fig_093h.jpg,1901.53.6,page_093.png,93,2,1901.53.6.png,available,Bronze pellet bell,Stevens Auction Rooms,2.4,page_link_resolved_to_oxford_record,This is not a visual match. It is the existing atlas figure-to-accession link resolved against Oxford metadata.
fig_094,fig_094.jpg,fig_094h.jpg,1901.53.7,page_094.png,94,2,,,Bronze pellet bell,Stevens Auction Rooms,2.4,page_link_resolved_to_oxford_record,This is not a visual match. It is the existing atlas figure-to-accession link resolved against Oxford metadata.
fig_095,fig_095.jpg,fig_095h.jpg,1901.53.11,page_095.png,95,2,,,Bronze pellet bell,Stevens Auction Rooms,2.4,page_link_resolved_to_oxford_record,This is not a visual match. It is the existing atlas figure-to-accession link resolved against Oxford metadata.
fig_096,fig_096.jpg,fig_096h.jpg,1901.54.1,page_096.png,96,2,1901.54.1.png,available,Ground stone axe mounted in bronze,Stevens Auction Rooms,2.4,page_link_resolved_to_oxford_record,This is not a visual match. It is the existing atlas figure-to-accession link resolved against Oxford metadata.
fig_097,fig_097.jpg,fig_097h.jpg,1901.54.2,page_097.png,97,2,1901.54.2.png,available,Bronze weight,Stevens Auction Rooms,2.4,page_link_resolved_to_oxford_record,This is not a visual match. It is the existing atlas figure-to-accession link resolved against Oxford metadata.
fig_098,fig_098.jpg,fig_098h.jpg,1901.56.1,page_098.png,98,2,1901.56.1.png,available,Bronze pendant from a ceremonial necklace in the form of a polished stone axe,Stevens Auction Rooms,2.4,page_link_resolved_to_oxford_record,This is not a visual match. It is the existing atlas figure-to-accession link resolved against Oxford metadata.
fig_099,fig_099.jpg,fig_099h.jpg,1901.56.2,page_099.png,99,2,1901.56.2.png,available,Bronze pendant from a ceremonial necklace in the form of a polished stone axe,Stevens Auction Rooms,2.4,page_link_resolved_to_oxford_record,This is not a visual match. It is the existing atlas figure-to-accession link resolved against Oxford metadata.
fig_100,fig_100.jpg,fig_100h.jpg,1907.66.1,page_100.png,100,4,1907.66.1_1.png,available,Brass plaque with relief decoration depicting three human figures,Thomas Francis Embury,2.16,page_link_resolved_to_oxford_record,This is not a visual match. It is the existing atlas figure-to-accession link resolved against Oxford metadata.
fig_101,fig_101.jpg,fig_101h.jpg,1908.41.1,page_101.png,101,4,,,Brass plaque with relief decoration depicting fish,Henry Nilus Thompson,2.8,page_link_resolved_to_oxford_record,This is not a visual match. It is the existing atlas figure-to-accession link resolved against Oxford metadata.
fig_102,fig_102.jpg,fig_102h.jpg,1908.41.3,page_102.png,102,4,1908.41.3.png,available,Brass plaque with relief decoration depicting a serpent,Henry Nilus Thompson,2.8,page_link_resolved_to_oxford_record,This is not a visual match. It is the existing atlas figure-to-accession link resolved against Oxford metadata.
fig_103,fig_103.jpg,fig_103h.jpg,1908.65.1,page_103.png,103,2,1908.65.1.png,available,Brass plaque with relief decoration depicting a leopard skin,Stevens Auction Rooms,2.4,page_link_resolved_to_oxford_record,This is not a visual match. It is the existing atlas figure-to-accession link resolved against Oxford metadata.
fig_104,fig_104.jpg,fig_104h.jpg,1909.1.1,page_104.png,104,4,1909.1.1_1.png,available,Ivory mount from a ceremonial staff depicting a horse-man,Henry Nilus Thompson,2.8,page_link_resolved_to_oxford_record,This is not a visual match. It is the existing atlas figure-to-accession link resolved against Oxford metadata.
fig_105,fig_105.jpg,fig_105h.jpg,1909.1.2,page_105.png,105,4,1909.1.2.png,available,Bronze staff with double human figures at either end,recorded by Phil Dark as “a wand for the Oba’s messenger”,Donated to the Pitt Rivers Museum in December 1909 by Henry Nilus Thompson. See discussion in Section 2.8,page_link_resolved_to_oxford_record,This is not a visual match. It is the existing atlas figure-to-accession link resolved against Oxford metadata.
fig_106,fig_106.jpg,fig_106h.jpg,1909.11.1.1,page_106.png,106,4,1909.11.1.1_1.png,available,Wooden box,Colonel Frederick William Bainbridge Landon,2.12,page_link_resolved_to_oxford_record,This is not a visual match. It is the existing atlas figure-to-accession link resolved against Oxford metadata.
fig_107,fig_107.jpg,fig_107h.jpg,1909.61.1,page_107.png,107,4,1909.61.1.png,available,Bronze imitation of a polished stone axe,William John Ansorge,2.6,page_link_resolved_to_oxford_record,This is not a visual match. It is the existing atlas figure-to-accession link resolved against Oxford metadata.
fig_108,fig_108.jpg,fig_108h.jpg,1909.61.2,page_108.png,108,4,1909.61.2.png,available,Bronze imitation of a polished stone axe,William John Ansorge,2.6,page_link_resolved_to_oxford_record,This is not a visual match. It is the existing atlas figure-to-accession link resolved against Oxford metadata.
fig_109,fig_109.jpg,fig_109h.jpg,1909.61.3,page_109.png,109,4,1909.61.3.png,available,Bronze imitation of a polished stone axe,William John Ansorge,2.6,page_link_resolved_to_oxford_record,This is not a visual match. It is the existing atlas figure-to-accession link resolved against Oxford metadata.
fig_110,fig_110.jpg,fig_110h.jpg,1909.61.4,page_110.png,110,4,1909.61.4.png,available,Bronze imitation of a polished stone axe,William John Ansorge,2.6,page_link_resolved_to_oxford_record,This is not a visual match. It is the existing atlas figure-to-accession link resolved against Oxford metadata.
fig_111,fig_111.jpg,fig_111h.jpg,1909.61.5,page_111.png,111,4,1909.61.5_1.png,available,Bronze imitation of a polished stone axe,William John Ansorge,2.6,page_link_resolved_to_oxford_record,This is not a visual match. It is the existing atlas figure-to-accession link resolved against Oxford metadata.
fig_112,fig_112.jpg,fig_112h.jpg,1909.61.6,page_112.png,112,4,1909.61.6.png,available,Bronze imitation of a polished stone axe,William John Ansorge,2.6,page_link_resolved_to_oxford_record,This is not a visual match. It is the existing atlas figure-to-accession link resolved against Oxford metadata.
fig_113,fig_113.jpg,fig_113h.jpg,1909.61.7,page_113.png,113,4,1909.61.7.png,available,Bronze imitation of a polished stone axe,William John Ansorge,2.6,page_link_resolved_to_oxford_record,This is not a visual match. It is the existing atlas figure-to-accession link resolved against Oxford metadata.
fig_114,fig_114.jpg,fig_114h.jpg,1917.2.13,page_114.png,114,4,1917.2.13.png,available,Bronze hip-ornament mask,Sir George Chardin Denton,2.17,page_link_resolved_to_oxford_record,This is not a visual match. It is the existing atlas figure-to-accession link resolved against Oxford metadata.
fig_115,fig_115.jpg,fig_115h.jpg,1917.38.1,page_115.png,115,4,1917.38.1_1.png,available,Bronze bell,Beatrice Braithwaite Batty,2.14,page_link_resolved_to_oxford_record,This is not a visual match. It is the existing atlas figure-to-accession link resolved against Oxford metadata.
fig_116,fig_116.jpg,fig_116h.jpg,1917.38.2,page_116.png,116,4,1917.38.2.png,available,Bronze bell,Beatrice Braithwaite Batty,2.14,page_link_resolved_to_oxford_record,This is not a visual match. It is the existing atlas figure-to-accession link resolved against Oxford metadata.
fig_117,fig_117.jpg,fig_117h.jpg,1932.88.863,page_117.png,117,4,1932.88.863.png,available,Bronze lamp,William Downing Webster,2.5,page_link_resolved_to_oxford_record,This is not a visual match. It is the existing atlas figure-to-accession link resolved against Oxford metadata.
fig_118,fig_118.jpg,fig_118h.jpg,1932.88.864,page_118.png,118,4,1932.88.864_1.png,available,Bronze lamp,Henry Balfour,2.15,page_link_resolved_to_oxford_record,This is not a visual match. It is the existing atlas figure-to-accession link resolved against Oxford metadata.
fig_119,fig_119.jpg,fig_119h.jpg,1938.34.94,page_119.png,119,4,1938.34.94_1.png,available,Ivory side-blast trumpet,Thomas William Taphouse,2.18,page_link_resolved_to_oxford_record,This is not a visual match. It is the existing atlas figure-to-accession link resolved against Oxford metadata.
fig_120,fig_120.jpg,fig_120h.jpg,1941.2.117,page_120.png,120,4,1941.2.117.png,available,Bronze Bell,Cranmore Ethnological Museum,2.9,page_link_resolved_to_oxford_record,This is not a visual match. It is the existing atlas figure-to-accession link resolved against Oxford metadata.
fig_121,fig_121.jpg,fig_121h.jpg,1941.2.118,page_121.png,121,4,1941.2.118.png,available,Bronze Bell,Cranmore Ethnological Museum,2.9,page_link_resolved_to_oxford_record,This is not a visual match. It is the existing atlas figure-to-accession link resolved against Oxford metadata.
fig_122,fig_122.jpg,fig_122h.jpg,1941.2.119,page_122.png,122,4,1941.2.119.png,available,Bronze Bell,Cranmore Ethnological Museum,2.9,page_link_resolved_to_oxford_record,This is not a visual match. It is the existing atlas figure-to-accession link resolved against Oxford metadata.
fig_123,fig_123.jpg,fig_123h.jpg,1941.2.124,page_123.png,123,4,1941.2.124.png,available,Wooden rattle staff,Cranmore Ethnological Museum,2.9,page_link_resolved_to_oxford_record,This is not a visual match. It is the existing atlas figure-to-accession link resolved against Oxford metadata.
fig_124,fig_124.jpg,fig_124h.jpg,1946.6.80,page_124.png,124,4,1946.6.80_1.png,available,Bronze bell,Dr Mervyn David Waldegrave Jeffreys,2.19,page_link_resolved_to_oxford_record,This is not a visual match. It is the existing atlas figure-to-accession link resolved against Oxford metadata.
fig_125,fig_125.jpg,fig_125h.jpg,1965.9.1,page_125.png,125,1,,,,,,page_link_only_unresolved,This is not a visual match. It is the existing atlas figure-to-accession link resolved against Oxford metadata.
fig_126,fig_126.jpg,fig_126h.jpg,1966.13.1,page_126.png,126,2,1966.13.1_1.png,available,Bronze head,Pitt-Rivers Museum,2.7,page_link_resolved_to_oxford_record,This is not a visual match. It is the existing atlas figure-to-accession link resolved against Oxford metadata.
fig_127,fig_127.jpg,fig_127h.jpg,1975.7.1,page_127.png,127,2,1975.7.1.png,available,Bronze figure of a man wearing a rope harness,Pitt-Rivers Museum,2.7,page_link_resolved_to_oxford_record,This is not a visual match. It is the existing atlas figure-to-accession link resolved against Oxford metadata.
fig_128,fig_128.jpg,fig_128h.jpg,1975.7.2,page_128.png,128,2,1975.7.2_1.png,available,Bronze cylindrical vessel with decoration depicting animal and human heads,Pitt-Rivers Museum,2.7,page_link_resolved_to_oxford_record,This is not a visual match. It is the existing atlas figure-to-accession link resolved against Oxford metadata.
fig_129,fig_129.jpg,fig_129h.jpg,1979.8.1,page_129.png,129,4,1979.8.1.png,available,Wooden stool with carved decoration depicting human figures,Reginald Kerr Granville,2.20,page_link_resolved_to_oxford_record,This is not a visual match. It is the existing atlas figure-to-accession link resolved against Oxford metadata.
fig_130,fig_130.jpg,fig_130h.jpg,1980.19.1,page_130.png,130,4,1980.19.1.png,available,Bronze figure of a hippo,probably broken from a staff,Recorded on the museum database as “found unentered in 1980”. See discussion in Section 2.21,page_link_resolved_to_oxford_record,This is not a visual match. It is the existing atlas figure-to-accession link resolved against Oxford metadata.
fig_131,fig_131.jpg,fig_131h.jpg,1983.25.1,page_131.png,131,4,1983.25.1.png,available,Brass hip-ornament mask,Harold Mordley Douglas,2.11,page_link_resolved_to_oxford_record,This is not a visual match. It is the existing atlas figure-to-accession link resolved against Oxford metadata.
fig_132,fig_132.jpg,fig_132h.jpg,1983.25.2,page_132.png,132,4,1983.25.2_1.png,available,Brass hip-ornament mask,Harold Mordley Douglas,2.11,page_link_resolved_to_oxford_record,This is not a visual match. It is the existing atlas figure-to-accession link resolved against Oxford metadata.
fig_133,fig_133.jpg,fig_133h.jpg,1983.25.3,page_133.png,133,4,1983.25.3.png,available,Brass hip-ornament mask,Harold Mordley Douglas,2.11,page_link_resolved_to_oxford_record,This is not a visual match. It is the existing atlas figure-to-accession link resolved against Oxford metadata.
fig_134,fig_134.jpg,fig_134h.jpg,1988.11.1,page_134.png,134,2,1988.11.1.png,available,Wooden comb,Pitt-Rivers Museum,2.7,page_link_resolved_to_oxford_record,This is not a visual match. It is the existing atlas figure-to-accession link resolved against Oxford metadata.
fig_135,fig_135.jpg,fig_135h.jpg,1988.11.2,page_135.png,135,2,1988.11.2_1.png,available,Wooden comb,Pitt-Rivers Museum,2.7,page_link_resolved_to_oxford_record,This is not a visual match. It is the existing atlas figure-to-accession link resolved against Oxford metadata.
fig_136,fig_136.jpg,fig_136h.jpg,1991.13.2,page_136.png,136,2,1991.13.1_3.png,available,Carved ivory tusk,Admiral Sir George Le Clerc Egerton,2.2,page_link_resolved_to_oxford_record,This is not a visual match. It is the existing atlas figure-to-accession link resolved against Oxford metadata.
fig_137,fig_137.jpg,fig_137h.jpg,1991.13.4,page_137.png,137,2,,,Ivory ladle with inlaid bronze and a bronze human figure on the handle,Admiral Sir George Le Clerc Egerton,2.2,page_link_resolved_to_oxford_record,This is not a visual match. It is the existing atlas figure-to-accession link resolved against Oxford metadata.
fig_138,fig_138.jpg,fig_138h.jpg,1991.13.5,page_138.png,138,2,1991.13.5.png,available,Ivory commemorative head with eyes inlaid with bronze,Admiral Sir George Le Clerc Egerton,2.2,page_link_resolved_to_oxford_record,This is not a visual match. It is the existing atlas figure-to-accession link resolved against Oxford metadata.
fig_139,fig_139.jpg,fig_139h.jpg,1991.13.6,page_139.png,139,2,1991.13.6.png,available,Ivory pedestal bowl inlaid with bronze,Admiral Sir George Le Clerc Egerton,2.2,page_link_resolved_to_oxford_record,This is not a visual match. It is the existing atlas figure-to-accession link resolved against Oxford metadata.
fig_140,fig_140.jpg,fig_140h.jpg,1991.13.7,page_140.png,140,2,1991.13.7.png,available,Ivory lid with five projections,Admiral Sir George Le Clerc Egerton,2.2,page_link_resolved_to_oxford_record,This is not a visual match. It is the existing atlas figure-to-accession link resolved against Oxford metadata.
fig_141,fig_141.jpg,fig_141h.jpg,1991.13.8,page_141.png,141,2,1991.13.8.png,available,Brass relief plaque depicting three figures,the central one holding a ceremonial box,On loan to Oxford University from the Egerton-Dumas Trust. Looted in the 1897 expedition by Admiral Sir George Le Clerc Egerton. See discussion in Section 2.2,page_link_resolved_to_oxford_record,This is not a visual match. It is the existing atlas figure-to-accession link resolved against Oxford metadata.
fig_142,fig_142.jpg,fig_142h.jpg,1991.13.9,page_142.png,142,2,1991.13.9.png,available,Ivory carved figure,probably broken from a ceremonial staff or flywhisk,On loan to Oxford University from the Egerton-Dumas Trust. Looted in the 1897 expedition by Admiral Sir George Le Clerc Egerton. See discussion in Section 2.2,page_link_resolved_to_oxford_record,This is not a visual match. It is the existing atlas figure-to-accession link resolved against Oxford metadata.
fig_143,fig_143.jpg,fig_143h.jpg,1991.13.10.1,page_143.png,143,2,1991.13.10.1.png,available,Bronze ring-shaped container with incised decoration depicting a fish,Admiral Sir George Le Clerc Egerton,2.2,page_link_resolved_to_oxford_record,This is not a visual match. It is the existing atlas figure-to-accession link resolved against Oxford metadata.
fig_144,fig_144.jpg,fig_144h.jpg,1991.13.10.2,page_144.png,144,2,1991.13.10.2.png,available,Bronze lid for container (1991.13.10.2),Admiral Sir George Le Clerc Egerton,2.2,page_link_resolved_to_oxford_record,This is not a visual match. It is the existing atlas figure-to-accession link resolved against Oxford metadata.
fig_145,fig_145.jpg,fig_145h.jpg,1991.13.11,page_145.png,145,2,1991.13.11.png,available,Bronze altar-piece base,Admiral Sir George Le Clerc Egerton,2.2,page_link_resolved_to_oxford_record,This is not a visual match. It is the existing atlas figure-to-accession link resolved against Oxford metadata.
fig_146,fig_146.jpg,fig_146h.jpg,1991.13.12,page_146.png,146,2,1991.13.12.png,available,Bronze armlet,Admiral Sir George Le Clerc Egerton,2.2,page_link_resolved_to_oxford_record,This is not a visual match. It is the existing atlas figure-to-accession link resolved against Oxford metadata.
fig_147,fig_147.jpg,fig_147h.jpg,1991.13.13,page_147.png,147,2,1991.13.13.png,available,Bronze armlet,Admiral Sir George Le Clerc Egerton,2.2,page_link_resolved_to_oxford_record,This is not a visual match. It is the existing atlas figure-to-accession link resolved against Oxford metadata.
fig_148,fig_148.jpg,fig_148h.jpg,1991.13.14,page_148.png,148,2,1991.13.14.png,available,Gilded bronze armlet,Admiral Sir George Le Clerc Egerton,2.2,page_link_resolved_to_oxford_record,This is not a visual match. It is the existing atlas figure-to-accession link resolved against Oxford metadata.
fig_149,fig_149.jpg,fig_149h.jpg,1991.13.15,page_149.png,149,2,1991.13.15_1.png,available,Bronze armlet,Admiral Sir George Le Clerc Egerton,2.2,page_link_resolved_to_oxford_record,This is not a visual match. It is the existing atlas figure-to-accession link resolved against Oxford metadata.
fig_150,fig_150.jpg,fig_150h.jpg,1991.13.16,page_150.png,150,2,1991.13.16.png,available,Ivory armlet with inlaid bronze,Admiral Sir George Le Clerc Egerton,2.2,page_link_resolved_to_oxford_record,This is not a visual match. It is the existing atlas figure-to-accession link resolved against Oxford metadata.
fig_151,fig_151.jpg,fig_151h.jpg,1991.13.17.2,page_151.png,151,2,1991.13.17.1.png,available,Coralwork sheath for ceremonial sword (1991.13.17.1),Admiral Sir George Le Clerc Egerton,2.2,page_link_resolved_to_oxford_record,This is not a visual match. It is the existing atlas figure-to-accession link resolved against Oxford metadata.
fig_152,fig_152.jpg,fig_152h.jpg,1991.13.18,page_152.png,152,2,1991.13.18.png,available,Ceremonial sword (ada),Admiral Sir George Le Clerc Egerton,2.2,page_link_resolved_to_oxford_record,This is not a visual match. It is the existing atlas figure-to-accession link resolved against Oxford metadata.
fig_153,fig_153.jpg,fig_153h.jpg,1991.13.19,page_153.png,153,2,1991.13.19.png,available,Ceremonial sword (ada),Admiral Sir George Le Clerc Egerton,2.2,page_link_resolved_to_oxford_record,This is not a visual match. It is the existing atlas figure-to-accession link resolved against Oxford metadata.
fig_154,fig_154.jpg,fig_154h.jpg,1991.13.20,page_154.png,154,2,1991.13.20.png,available,Side-blown ivory trumpet,Admiral Sir George Le Clerc Egerton,2.2,page_link_resolved_to_oxford_record,This is not a visual match. It is the existing atlas figure-to-accession link resolved against Oxford metadata.
fig_155,fig_155.jpg,fig_155h.jpg,1991.13.21,page_155.png,155,2,1991.13.21.png,available,Gilded bronze cone-shaped hip ornament,Admiral Sir George Le Clerc Egerton,2.2,page_link_resolved_to_oxford_record,This is not a visual match. It is the existing atlas figure-to-accession link resolved against Oxford metadata.
fig_156,fig_156.jpg,fig_156h.jpg,1991.13.22,page_156.png,156,2,1991.13.22.png,available,Gilded bronze cone-shaped hip ornament,Admiral Sir George Le Clerc Egerton,2.2,page_link_resolved_to_oxford_record,This is not a visual match. It is the existing atlas figure-to-accession link resolved against Oxford metadata.
fig_157,fig_157.jpg,fig_157h.jpg,1991.13.23,page_157.png,157,2,1991.13.23.png,available,Gilded bronze cone-shaped hip ornament,Admiral Sir George Le Clerc Egerton,2.2,page_link_resolved_to_oxford_record,This is not a visual match. It is the existing atlas figure-to-accession link resolved against Oxford metadata.
fig_158,fig_158.jpg,fig_158h.jpg,1991.13.24,page_158.png,158,2,1991.13.24.png,available,Gilded bronze cone-shaped hip ornament,Admiral Sir George Le Clerc Egerton,2.2,page_link_resolved_to_oxford_record,This is not a visual match. It is the existing atlas figure-to-accession link resolved against Oxford metadata.
fig_159,fig_159.jpg,fig_159h.jpg,1991.13.25,page_159.png,159,2,1991.13.25.png,available,Bronze altarpiece with figures of the Queen Mother with six attendants,Admiral Sir George Le Clerc Egerton,2.2,page_link_resolved_to_oxford_record,This is not a visual match. It is the existing atlas figure-to-accession link resolved against Oxford metadata.
fig_160,fig_160.jpg,fig_160h.jpg,1991.13.26,page_160.png,160,2,1991.13.26.png,available,Ivory armlet inlaid with brass,Admiral Sir George Le Clerc Egerton,2.2,page_link_resolved_to_oxford_record,This is not a visual match. It is the existing atlas figure-to-accession link resolved against Oxford metadata.
fig_161,fig_161.jpg,fig_161h.jpg,1991.13.27.2,page_161.png,161,1,1991.13.27.1.png,available,Ivory double armlet with carved openwork decoration,Admiral Sir George Le Clerc Egerton,2.2,page_link_resolved_to_oxford_record,This is not a visual match. It is the existing atlas figure-to-accession link resolved against Oxford metadata.
fig_162,fig_162.jpg,fig_162h.jpg,1991.13.28,page_162.png,162,2,1991.13.28.png,available,Ivory side-blown trumpet (fragment),Admiral Sir George Le Clerc Egerton,2.2,page_link_resolved_to_oxford_record,This is not a visual match. It is the existing atlas figure-to-accession link resolved against Oxford metadata.
fig_163,fig_163.jpg,fig_163h.jpg,1991.13.32,page_163.png,163,2,1991.13.32.png,available,Bronze armlet,Admiral Sir George Le Clerc Egerton,2.2,page_link_resolved_to_oxford_record,This is not a visual match. It is the existing atlas figure-to-accession link resolved against Oxford metadata.
fig_164,fig_164.jpg,fig_164h.jpg,1991.13.33,page_164.png,164,2,1991.13.33.png,available,Bronze armlet,Admiral Sir George Le Clerc Egerton,2.2,page_link_resolved_to_oxford_record,This is not a visual match. It is the existing atlas figure-to-accession link resolved against Oxford metadata.
fig_165,fig_165.jpg,fig_165h.jpg,1991.13.34,page_165.png,165,2,1991.13.34.png,available,Bronze armlet,Admiral Sir George Le Clerc Egerton,2.2,page_link_resolved_to_oxford_record,This is not a visual match. It is the existing atlas figure-to-accession link resolved against Oxford metadata.
fig_166,fig_166.jpg,fig_166h.jpg,1991.13.35,page_166.png,166,2,1991.13.35.png,available,Bronze armlet with inset coral,Admiral Sir George Le Clerc Egerton,2.2,page_link_resolved_to_oxford_record,This is not a visual match. It is the existing atlas figure-to-accession link resolved against Oxford metadata.
fig_167,fig_167.jpg,fig_167h.jpg,1991.13.36,page_167.png,167,2,1991.13.36.png,available,Wooden painted altar-piece igibile mask with a canework base,Admiral Sir George Le Clerc Egerton,2.2,page_link_resolved_to_oxford_record,This is not a visual match. It is the existing atlas figure-to-accession link resolved against Oxford metadata.
fig_168,fig_168.jpg,fig_168h.jpg,1991.13.37,page_168.png,168,2,1991.13.37.png,available,Wooden weaving sword,Admiral Sir George Le Clerc Egerton,2.2,page_link_resolved_to_oxford_record,This is not a visual match. It is the existing atlas figure-to-accession link resolved against Oxford metadata.
fig_169,fig_169.jpg,fig_169h.jpg,1991.13.38,page_169.png,169,2,1991.13.38_1.png,available,Wooden lid covered with decorated bronze sheet,Admiral Sir George Le Clerc Egerton,2.2,page_link_resolved_to_oxford_record,This is not a visual match. It is the existing atlas figure-to-accession link resolved against Oxford metadata.
fig_170,fig_170.jpg,fig_170h.jpg,1991.13.39,page_170.png,170,2,1991.13.39.png,available,Carved wooden staff with a string of shells attached,Admiral Sir George Le Clerc Egerton,2.2,page_link_resolved_to_oxford_record,This is not a visual match. It is the existing atlas figure-to-accession link resolved against Oxford metadata.
fig_171,fig_171.jpg,fig_171h.jpg,1991.13.41,page_171.png,171,2,,,Perforated agate bead,Admiral Sir George Le Clerc Egerton,2.2,page_link_resolved_to_oxford_record,This is not a visual match. It is the existing atlas figure-to-accession link resolved against Oxford metadata.
fig_172,fig_172.jpg,fig_172h.jpg,1991.13.42,page_172.png,172,2,1991.13.42.png,available,Perforated agate bead,Admiral Sir George Le Clerc Egerton,2.2,page_link_resolved_to_oxford_record,This is not a visual match. It is the existing atlas figure-to-accession link resolved against Oxford metadata.
fig_175,fig_175.jpg,fig_175h.jpg,1900.1.1,page_175.png,175,1,,,,,,page_link_only_unresolved,This is not a visual match. It is the existing atlas figure-to-accession link resolved against Oxford metadata.
fig_177,fig_177.jpg,fig_177h.jpg,1900.1.6,page_177.png,177,1,,,,,,page_link_only_unresolved,This is not a visual match. It is the existing atlas figure-to-accession link resolved against Oxford metadata.
fig_178,fig_178.jpg,fig_178h.jpg,1900.1.7,page_178.png,178,1,1900.1.7.png,available,Model / object photographed in Appendix 5,,3.2,page_link_resolved_to_oxford_record,This is not a visual match. It is the existing atlas figure-to-accession link resolved against Oxford metadata.
fig_179,fig_179.jpg,fig_179h.jpg,1902.52.1,page_179.png,179,1,1902.52.1_1.png,available,Wooden crossbow stock,E.F. Martin,3.3,page_link_resolved_to_oxford_record,This is not a visual match. It is the existing atlas figure-to-accession link resolved against Oxford metadata.
fig_180,fig_180.jpg,fig_180h.jpg,1909.67.22,page_180.png,180,1,1909.67.22.png,available,Bronze bracelet,,1.2,page_link_resolved_to_oxford_record,This is not a visual match. It is the existing atlas figure-to-accession link resolved against Oxford metadata.
fig_181,fig_181.jpg,fig_181h.jpg,1909.67.25,page_181.png,181,1,1909.67.25.png,available,Pair of bronze anklets,,1.2,page_link_resolved_to_oxford_record,This is not a visual match. It is the existing atlas figure-to-accession link resolved against Oxford metadata.
fig_182,fig_182.jpg,fig_182h.jpg,1909.67.33,page_182.png,182,1,1909.67.33.png,available,Bronze lampstand,,1.2,page_link_resolved_to_oxford_record,This is not a visual match. It is the existing atlas figure-to-accession link resolved against Oxford metadata.
fig_183,fig_183.jpg,fig_183h.jpg,1909.67.35,page_183.png,183,1,1909.67.35.png,available,String of crotals,,1.2,page_link_resolved_to_oxford_record,This is not a visual match. It is the existing atlas figure-to-accession link resolved against Oxford metadata.
fig_184,fig_184.jpg,fig_184h.jpg,1909.67.36,page_184.png,184,1,1909.67.36.png,available,String of crotals,,1.2,page_link_resolved_to_oxford_record,This is not a visual match. It is the existing atlas figure-to-accession link resolved against Oxford metadata.
fig_185,fig_185.jpg,fig_185h.jpg,1922.67.1,page_185.png,185,1,1922.67.1.png,available,Crossbow,,3.5,page_link_resolved_to_oxford_record,This is not a visual match. It is the existing atlas figure-to-accession link resolved against Oxford metadata.
fig_186,fig_186.jpg,fig_186h.jpg,1934.46.3,page_186.png,186,1,1923.2.1.png,available,Wooden staff or club,,3.6,page_link_resolved_to_oxford_record,This is not a visual match. It is the existing atlas figure-to-accession link resolved against Oxford metadata.
fig_187,fig_187.jpg,fig_187h.jpg,1967.45.1,page_187.png,187,1,1967.45.1.png,available,Terracotta head,,1.2,page_link_resolved_to_oxford_record,This is not a visual match. It is the existing atlas figure-to-accession link resolved against Oxford metadata.
fig_188,fig_188.jpg,fig_188h.jpg,1970.16.1,page_188.png,188,1,1970.16.1.png,available,Group of heads,,3.8,page_link_resolved_to_oxford_record,This is not a visual match. It is the existing atlas figure-to-accession link resolved against Oxford metadata.
fig_189,fig_189.jpg,fig_189h.jpg,1991.16.1,page_189.png,189,1,1991.16.1_1.png,available,Bronze head,,3.6,page_link_resolved_to_oxford_record,This is not a visual match. It is the existing atlas figure-to-accession link resolved against Oxford metadata.
fig_190,fig_190.jpg,fig_190h.jpg,1992.20.1,page_190.png,190,1,1992.20.1.png,available,Standing brass figure holding staff,,1.2,page_link_resolved_to_oxford_record,This is not a visual match. It is the existing atlas figure-to-accession link resolved against Oxford metadata.
fig_191,fig_191.jpg,fig_191h.jpg,1995.1.2,page_191.png,191,1,1995.1.2.png,available,Small brass figure,,1.2,page_link_resolved_to_oxford_record,This is not a visual match. It is the existing atlas figure-to-accession link resolved against Oxford metadata.
fig_192,fig_192.jpg,fig_192h.jpg,2011.21.1,page_192.png,192,1,,no_image,,,1.2,page_link_resolved_to_oxford_record,This is not a visual match. It is the existing atlas figure-to-accession link resolved against Oxford metadata.
fig_193,fig_193.jpg,fig_193h.jpg,2012.103.12,page_193.png,193,1,2012.103.12.png,available,Rectangular bronze plaque with fish motif,,3.9,page_link_resolved_to_oxford_record,This is not a visual match. It is the existing atlas figure-to-accession link resolved against Oxford metadata.
fig_194,fig_194.jpg,fig_194h.jpg,2012.103.13,page_194.png,194,1,2012.103.13_1.png,available,Rectangular bronze plaque with three standing figures,,3.9,page_link_resolved_to_oxford_record,This is not a visual match. It is the existing atlas figure-to-accession link resolved against Oxford metadata.
fig_227,fig_227.jpg,fig_227h.jpg,1991.13.29,page_227.png,227,1,,,,,,page_link_only_unresolved,This is not a visual match. It is the existing atlas figure-to-accession link resolved against Oxford metadata.
fig_228,fig_228.jpg,fig_228h.jpg,1991.13.30,page_228.png,228,1,,,,,,page_link_only_unresolved,This is not a visual match. It is the existing atlas figure-to-accession link resolved against Oxford metadata.
fig_229,fig_229.jpg,fig_229h.jpg,1991.13.31,page_229.png,229,1,,,,,,page_link_only_unresolved,This is not a visual match. It is the existing atlas figure-to-accession link resolved against Oxford metadata.