accession_number,title,description,provenance,provenance_detail,section,publication_notes,status,description_source_page,primary_image_file,primary_image_caption,image_appendix,image_source_page,image_status,image_count,has_description,has_image,matched
1898.26.1.1,,Brass powder cylinder,Felix Norman Roth,"Purchased by the Pitt Rivers Museum from Henry Ling Roth, brother of Felix. See discussion in Section 2.13",2.13,Listed in Dark 1982 on p. 2.1.33 as B9/56,confirmed_1897,31,1898.26.1.1_1.png,Brass powder cylinder and cover photograph,Appendix 4,53,available,1,true,true,true
1898.26.1.2,,Brass powder cylinder cover,Felix Norman Roth,"Purchased by the Pitt Rivers Museum from Henry Ling Roth, brother of Felix. See discussion in Section 2.13",2.13,Listed in Dark 1982 on p. 2.1.33 as B9/56,confirmed_1897,31,1898.26.1.1_1.png,Brass powder cylinder and cover photograph,Appendix 4,53,available,1,true,true,true
1899.70.2,,Tortoise-shell drum with a canework loop,George Fabian Lawrence,Purchased by the Pitt Rivers Museum from George Fabian Lawrence in 1899. See discussion in Section 2.10,2.10,Listed in Dark 1982 on p. 2.1.32 as B9/12,confirmed_1897,31,,No image currently available,Appendix 4,53,no_image,1,true,false,true
1899.78.4.1,,Wooden weaving sword,William Downing Webster,Purchased by the Pitt Rivers Museum from William Downing Webster in 1899. See discussion in Section 2.5,2.5,Listed in Dark 1982 on p. 2.1.33 as RO/20 - RO/27,confirmed_1897,31,,,,,,0,true,false,false
1899.78.4.2,,Wooden weaving sword,William Downing Webster,Purchased by the Pitt Rivers Museum from William Downing Webster in 1899. See discussion in Section 2.5,2.5,Listed in Dark 1982 on p. 2.1.33 as RO/20 - RO/27,confirmed_1897,31,,,,,,0,true,false,false
1899.78.4.3,,Wooden shuttle needle,William Downing Webster,Purchased by the Pitt Rivers Museum from William Downing Webster in 1899. See discussion in Section 2.5,2.5,Listed in Dark 1982 on p. 2.1.33 as RO/20 - RO/27,confirmed_1897,31,,,,,,0,true,false,false
1899.78.4.4,,Wooden shuttle needle,William Downing Webster,Purchased by the Pitt Rivers Museum from William Downing Webster in 1899. See discussion in Section 2.5,2.5,Listed in Dark 1982 on p. 2.1.33 as RO/20 - RO/27,confirmed_1897,31,,,,,,0,true,false,false
1899.78.4.5,,Wooden weaving spacer,William Downing Webster,Purchased by the Pitt Rivers Museum from William Downing Webster in 1899. See discussion in Section 2.5,2.5,Listed in Dark 1982 on p. 2.1.33 as RO/20 - RO/27,confirmed_1897,31,,,,,,0,true,false,false
1899.78.4.6,,Wooden weaving spacer,William Downing Webster,Purchased by the Pitt Rivers Museum from William Downing Webster in 1899. See discussion in Section 2.5,2.5,Listed in Dark 1982 on p. 2.1.33 as RO/20 - RO/27,confirmed_1897,31,,,,,,0,true,false,false
1899.78.4.7,,Wooden weaving rod,William Downing Webster,Purchased by the Pitt Rivers Museum from William Downing Webster in 1899. See discussion in Section 2.5,2.5,Listed in Dark 1982 on p. 2.1.33 as RO/20 - RO/27,confirmed_1897,31,,,,,,0,true,false,false
1899.78.4.8,,Wooden weaving rod,William Downing Webster,Purchased from William Downing Webster in 1899. See discussion in Section 2.5,2.5,Listed in Dark 1982 on p. 2.1.33 as RO/20 - RO/27,confirmed_1897,32,,,,,,0,true,false,false
1899.86.12,,Bronze plaque with the image of a serpent,Stevens Auction Rooms,Purchased by the Pitt Rivers Museum at Stevens Auction Rooms 4 Dec 1899. See discussion in Section 2.4,2.4,"Listed in Dark 1982 on p. 2.1.32 as B8/67; Listed in Gunsch 2018, page 227",confirmed_1897,32,1899.86.12.png,Bronze plaque with the image of a serpent,Appendix 4,55,available,1,true,true,true
1899.86.13,,Bronze foot broken from a figure,Stevens Auction Rooms,Purchased by the Pitt Rivers Museum at Stevens Auction Rooms 4 Dec 1899. See discussion in Section 2.4,2.4,,confirmed_1897,32,1899.86.13.png,Bronze foot broken from a figure,Appendix 4,56,available,1,true,true,true
1900.1.4,,Wooden sansa-type musical instrument,Stevens Auction Rooms,Purchased by Cuthbert Edgar Peek at Stevens Auction Rooms 13 February 1900 and donated by him to the Pitt Rivers Museum in 1900. See discussion in Section 2.4,2.4,Indexed in Dark 1982 as B9/25,confirmed_1897,32,1900.1.4.png,Wooden sansa-type musical instrument,Appendix 4,57,available,1,true,true,true
1900.1.5,,Wooden sansa-type musical instrument,Stevens Auction Rooms,Purchased by Cuthbert Edgar Peek at Stevens Auction Rooms 13 February 1900 and donated by him to the Pitt Rivers Museum in 1900. See discussion in Section 2.4,2.4,Indexed in Dark 1982 as B9/26,confirmed_1897,32,1900.1.5.png,Wooden sansa-type musical instrument,Appendix 4,58,available,1,true,true,true
1900.1.7,,Model / object photographed in Appendix 5,,,3.2,Backfilled from artifact image page; image says 'See discussion in Section 3.2',possible_1897,178,1900.1.7.png,Model / object photographed in Appendix 5,Appendix 5,178,available,1,true,true,true
1900.32.4,,String of cylindrical coral beads,possibly from a ceremonial fly-whisk,Pitt-Rivers Museum,"Donated per Harold St George Gray in September 1900, after General Pitt-Rivers’ death. Probably split from a necklace recorded as figure 229 in Pitt-Rivers 1900. See discussion in Section 2.7",2.7,"probably shown in pitt-rivers second collection catalogue vol 5, p. 1741; probably reproduced in pitt-rivers 1900: figure 229",confirmed_1897,1900.32.4_2.png,"String of cylindrical coral beads, possibly from a ceremonial fly-whisk",Appendix 4,59,available,1,true,true,true
1900.39.1,,Brass relief plaque depicting a human figure,Mary Henrietta Kingsley,"Bequeathed to the Pitt Rivers Museum by Mary Henrietta Kingsley (1862-1900), who recorded it was taken in the 1897 attack. See discussion in Section 2.3",2.3,"Listed in Dark 1982 on p. 2.1.32 as B8/68; Listed in Gunsch 2018, p. 227",confirmed_1897,32,1900.39.1.png,Brass relief plaque depicting a human figure,Appendix 4,60,available,1,true,true,true
1900.39.2,,Brass relief plaque depicting a fish,Mary Henrietta Kingsley,"Bequeathed to the Pitt Rivers Museum by Mary Henrietta Kingsley (1862-1900), who recorded it was taken in the 1897 attack. See discussion in Section 2.3",2.3,"Listed in Dark 1982 on p. 2.1.32 as B8/62; Listed in Gunsch 2018, p. 227",confirmed_1897,33,1900.39.2_1.png,Brass relief plaque depicting a fish,Appendix 4,61,available,1,true,true,true
1900.39.3,,Brass sculpture or altar-piece in the form of a morion-shaped helmet,Mary Henrietta Kingsley,"Bequeathed to the Pitt Rivers Museum by Mary Henrietta Kingsley (1862-1900), who recorded it was taken in the 1897 attack. See discussion in Section 2.3",2.3,Listed in Dark 1982 on p. 2.1.33 as B9/45,confirmed_1897,33,1900.39.3.png,Brass sculpture or altar-piece in the form of a morion-shaped helmet,Appendix 4,62,available,1,true,true,true
1900.39.4,,Brass ceremonial casket with a cover and chain for suspension with relief decoration and chased work,Mary Henrietta Kingsley,"Bequeathed to the Pitt Rivers Museum by Mary Henrietta Kingsley (1862-1900), who recorded it was looted by Felix Ling Roth during the 1897 attack. See discussion in Section 2.3",2.3,"Reproduced in Ling Roth 1903, pp. 227-28, figures 264, 265 and 266; reproduced in von Luschan 1919, p. 421, figure 655; listed in Dark 1982 on p. 2.1.32 as B8/69; reproduced in Mowat 1991 on p. 22 as figure 20",confirmed_1897,33,1900.39.4.png,Brass ceremonial casket with cover and suspension chain,Appendix 4,63,available,1,true,true,true
1900.39.5,,Brass staff with the figure of a bird,Mary Henrietta Kingsley,"Bequeathed to the Pitt Rivers Museum by Mary Henrietta Kingsley (1862-1900), who recorded it was taken in the 1897 attack. See discussion in Section 2.3",2.3,Listed in Dark 1982 on p. 2.1.33 as RO/16,confirmed_1897,33,1900.39.5.png,Brass staff with the figure of a bird,Appendix 4,64,available,1,true,true,true
1900.39.6,,Bronze hip-ornament mask,Mary Henrietta Kingsley,"Bequeathed to the Pitt Rivers Museum by Mary Henrietta Kingsley (1862-1900), who recorded it was taken in the 1897 attack. See discussion in Section 2.3",2.3,Listed in Dark 1982 on p. 2.1.32 as B8/72; reproduced in Mowat 1991 on p. 14 as figure 7,confirmed_1897,33,1900.39.6.png,Bronze hip-ornament mask,Appendix 4,65,available,1,true,true,true
1900.39.7,,Bronze hip-ornament mask depicting a ram’s head,Mary Henrietta Kingsley,"Bequeathed to the Pitt Rivers Museum by Mary Henrietta Kingsley (1862-1900), who recorded it was taken in the 1897 attack. See discussion in Section 2.3",2.3,Publication note partially cropped in screenshot,confirmed_1897,33,1900.39.7.png,Bronze hip-ornament mask depicting a ram's head,Appendix 4,66,available,1,true,true,true
1900.39.8,,Bronze hip-ornament mask depicting a crocodile’s head,Mary Henrietta Kingsley,"Bequeathed to the Pitt Rivers Museum by Mary Henrietta Kingsley (1862-1900), who recorded it was taken in the 1897 attack. See discussion in Section 2.3",2.3,Listed in Dark 1982 on p. 2.1.32 as B8/71 and reproduced as figure 49,confirmed_1897,34,1900.39.8_1.png,Bronze hip-ornament mask depicting a crocodile's head,Appendix 4,67,available,1,true,true,true
1900.39.9,,Bronze hip-ornament mask depicting a crocodile’s head,Mary Henrietta Kingsley,"Bequeathed to the Pitt Rivers Museum by Mary Henrietta Kingsley (1862-1900), who recorded it was taken in the 1897 attack. See discussion in Section 2.3",2.3,Listed in Dark 1982 on p. 2.1.28 as B5/56,confirmed_1897,34,1900.39.9.png,Bronze hip-ornament mask depicting a crocodile's head,Appendix 4,68,available,1,true,true,true
1900.39.10,,Bronze bell,Mary Henrietta Kingsley,"Bequeathed to the Pitt Rivers Museum by Mary Henrietta Kingsley (1862-1900), who recorded it was taken in the 1897 attack. See discussion in Section 2.3",2.3,Listed in Dark 1982 on p. 2.1.32 as B9/7,confirmed_1897,34,1900.39.10_1.png,Bronze bell,Appendix 4,69,available,1,true,true,true
1900.39.11,,Bronze bell,Mary Henrietta Kingsley,"Bequeathed to the Pitt Rivers Museum by Mary Henrietta Kingsley (1862-1900), who recorded it was taken in the 1897 attack. See discussion in Section 2.3",2.3,"Listed in Dark 1982 on p. 2.1.134 as B9/30 (recorded as ""Hunter-style"")",confirmed_1897,34,,,,,,0,true,false,false
1900.39.12,,Bronze armlet with open-work decoration,Mary Henrietta Kingsley,"Bequeathed to the Pitt Rivers Museum by Mary Henrietta Kingsley (1862-1900), who recorded it was taken in the 1897 attack. See discussion in Section 2.3",2.3,Reproduced in Ling-Roth 1903 on p. 33 as figure 45; listed in Dark 1982 on p. 2.1.32 as B9/2,confirmed_1897,34,,,,,,0,true,false,false
1900.39.13,,Bronze armlet with open-work decoration,Mary Henrietta Kingsley,"Bequeathed to the Pitt Rivers Museum by Mary Henrietta Kingsley (1862-1900), who recorded it was taken in the 1897 attack. See discussion in Section 2.3",2.3,Reproduced in Ling-Roth 1903 on p. 33 as figure 46; listed in Dark 1982 on p. 2.1.32 as B9/1,confirmed_1897,34,,,,,,0,true,false,false
1900.39.14,,Copper armlet with bronze decoration depicting two faces,Mary Henrietta Kingsley,"Bequeathed to the Pitt Rivers Museum by Mary Henrietta Kingsley (1862-1900), who recorded it was taken in the 1897 attack. See discussion in Section 2.3",2.3,Reproduced in von Luschan 1919 on p. 407 as figure 628; Dark 1982 citation partially cropped in screenshot,confirmed_1897,34,,,,,,0,true,false,false
1900.39.15,,Bronze penannular leg-ring or armlet,Mary Henrietta Kingsley,"Bequeathed to the Pitt Rivers Museum by Mary Henrietta Kingsley (1862-1900), who recorded it was taken in the 1897 attack. See discussion in Section 2.3",2.3,Reproduced in Ling-Roth 1903 on p.28 as figure 21; Listed in Dark 1982 on p. 2.1.33 as B9/69,confirmed_1897,35,,,,,,0,true,false,false
1900.39.16,,Copper armlet,Mary Henrietta Kingsley,"Bequeathed to the Pitt Rivers Museum by Mary Henrietta Kingsley (1862-1900), who recorded it was taken in the 1897 attack. See discussion in Section 2.3",2.3,Reproduced in Ling-Roth 1903 on p.30 as figure 31; Listed in Dark 1982 on p. 2.1.32 as B9/39,confirmed_1897,35,,,,,,0,true,false,false
1900.39.17,,Iron armlet,Mary Henrietta Kingsley,"Bequeathed to the Pitt Rivers Museum by Mary Henrietta Kingsley (1862-1900), who recorded it was taken in the 1897 attack. See discussion in Section 2.3",2.3,Reproduced in Ling-Roth 1903 on p.29 as figure 27; Listed in Dark 1982 on p. 2.1.33 as B9/44,confirmed_1897,35,,,,,,0,true,false,false
1900.39.18,,Bronze cone-shaped object,possibly a hip-ornament,Mary Henrietta Kingsley,"Bequeathed to the Pitt Rivers Museum by Mary Henrietta Kingsley (1862-1900), who recorded it was taken in the 1897 attack. See discussion in Section 2.3",2.3,listed in dark 1982 on p. 2.1.33 as b9/55,confirmed_1897,,,,,,0,true,false,false
1900.39.19,,Ivory armlet,Mary Henrietta Kingsley,"Bequeathed to the Pitt Rivers Museum by Mary Henrietta Kingsley (1862-1900), who recorded it was taken in the 1897 attack. See discussion in Section 2.3",2.3,Listed in Dark 1982 on p. 2.1.33 as B9/69,confirmed_1897,35,,,,,,0,true,false,false
1900.39.20,,Ivory hip-ornament mask depicting a leopard,Mary Henrietta Kingsley,"Bequeathed to the Pitt Rivers Museum by Mary Henrietta Kingsley (1862-1900), who recorded it was taken in the 1897 attack. See discussion in Section 2.3",2.3,Reproduced in Ling-Roth 1903 on p.198 as figure 215; Listed in Dark 1982 on p. 2.1.32 as B8/77,confirmed_1897,35,,,,,,0,true,false,false
1900.39.21,,Ivory door-bolt from the Royal Palace,Mary Henrietta Kingsley,"Bequeathed to the Pitt Rivers Museum by Mary Henrietta Kingsley (1862-1900), who recorded it was taken in the 1897 attack. See discussion in Section 2.3",2.3,"Listed in Dark 1982 on p. 2.1.32 as B9/13; Reproduced in Plankensteiner 2007 on page 290 as Cat 21, with a descriptive text by Joseph Nevadomsky",confirmed_1897,35,1900.39.21.png,Ivory door-bolt from the Royal Palace,Appendix 4,80,available,1,true,true,true
1900.39.22,,Brass ceremonial fan with repoussé decoration,Mary Henrietta Kingsley,"Bequeathed to the Pitt Rivers Museum by Mary Henrietta Kingsley (1862-1900), who recorded it was taken in the 1897 attack. See discussion in Section 2.3",2.3,Listed in Dark 1982 on p. 2.1.32 as B9/11,confirmed_1897,36,1900.39.22_1.png,Brass ceremonial fan with repoussé decoration,Appendix 4,81,available,1,true,true,true
1900.39.23,,Wooden lidded bowl or casket overlaid with brass,in the form of an animal’s head,Mary Henrietta Kingsley,"Bequeathed to the Pitt Rivers Museum by Mary Henrietta Kingsley (1862-1900), who recorded it was taken in the 1897 attack. See discussion in Section 2.3",2.3,reproduced in ling-roth 1903 on p.213 as figure 243; listed in dark 1982 on p. 2.1.32 as b8/75,confirmed_1897,1900.39.23.png,"Wooden lidded bowl or casket overlaid with brass, in the form of an animal's head",Appendix 4,82,available,1,true,true,true
1900.39.24,,Wooden figure of a horse-rider,probably broken from a staff,Mary Henrietta Kingsley,"Bequeathed to the Pitt Rivers Museum by Mary Henrietta Kingsley (1862-1900), who recorded it was taken in the 1897 attack. See discussion in Section 2.3",2.3,reproduced in ling-roth 1903 on p.213 as figure 242; listed in dark 1982 on p. 2.1.23 as b1/70,confirmed_1897,1900.39.24.png,"Wooden figure of a horse-rider, probably broken from a staff",Appendix 4,83,available,1,true,true,true
1900.39.25,,Carved coconut vessel with incised guilloché decoration,Mary Henrietta Kingsley,"Bequeathed to the Pitt Rivers Museum by Mary Henrietta Kingsley (1862-1900), who recorded it was taken in the 1897 attack. See discussion in Section 2.3",2.3,"Reproduced in Dark 1973, figure 200, plate 79; and discussed on p. 109",confirmed_1897,36,,,,,,0,true,false,false
1900.39.26,,Carved coconut vessel with incised guilloché decoration,Mary Henrietta Kingsley,"Bequeathed to the Pitt Rivers Museum by Mary Henrietta Kingsley (1862-1900), who recorded it was taken in the 1897 attack. See discussion in Section 2.3",2.3,"Reproduced in Dark 1973, figure 200, plate 79; and discussed on p. 109",confirmed_1897,36,1900.39.26.png,Carved coconut vessel with incised guilloché decoration,Appendix 4,85,available,1,true,true,true
1900.39.27.1,,Iron armlet containing jingling pellets,Mary Henrietta Kingsley,"Bequeathed to the Pitt Rivers Museum by Mary Henrietta Kingsley (1862-1900), who recorded it was taken in the 1897 attack. See discussion in Section 2.3",2.3,Listed in Dark 1982 on p. 2.1.33 as RO/13,confirmed_1897,36,1900.39.27.1.png,Iron armlets containing jingling pellets,Appendix 4,86,available,1,true,true,true
1900.39.27.2,,Iron armlet containing jingling pellets,Mary Henrietta Kingsley,"Bequeathed to the Pitt Rivers Museum by Mary Henrietta Kingsley (1862-1900), who recorded it was taken in the 1897 attack. See discussion in Section 2.3",2.3,Listed in Dark 1982 on p. 2.1.33 as RO/14,confirmed_1897,37,1900.39.27.1.png,Iron armlets containing jingling pellets,Appendix 4,86,available,1,true,true,true
1900.74.1,,Brass vessel,George Fabian Lawrence,Purchased by the Pitt Rivers Museum from George Fabian Lawrence in 1900. See discussion in Section 2.10,2.10,Listed in Dark 1982 on p. 2.1.33 as B9/52,confirmed_1897,37,1900.74.1.png,Brass vessel,Appendix 4,87,available,1,true,true,true
1900.74.2,,Brass armlet with openwork decoration,George Fabian Lawrence,Purchased by the Pitt Rivers Museum from George Fabian Lawrence in 1900. See discussion in Section 2.10,2.10,Listed in Dark 1982 on p. 2.1.34 as RO/34-RO/39,confirmed_1897,37,1900.74.2.png,Brass armlet with openwork decoration,Appendix 4,88,available,1,true,true,true
1900.74.3,,Bronze bracelet,George Fabian Lawrence,Purchased by the Pitt Rivers Museum from George Fabian Lawrence in 1900. See discussion in Section 2.10,2.10,Listed in Dark 1982 on p. 2.1.34 as RO/34-RO/39,confirmed_1897,37,1900.74.3.png,Bronze bracelet,Appendix 4,89,available,1,true,true,true
1901.53.2,,Bronze arm-ring,Stevens Auction Rooms,Purchased at Stevens Auction Rooms on Feb 12 1901 by George Fabian Lawrence for the Pitt Rivers Museum. See discussion in Section 2.4,2.4,Listed in Dark 1982 on p. 2.1.34 as RO/34-RO/39,confirmed_1897,37,1901.53.2.png,Bronze arm-ring,Appendix 4,90,available,1,true,true,true
1901.53.3,,Bronze arm-ring,Stevens Auction Rooms,Purchased at Stevens Auction Rooms on Feb 12 1901 by George Fabian Lawrence for the Pitt Rivers Museum. See discussion in Section 2.4,2.4,Listed in Dark 1982 on p. 2.1.34 as RO/34-RO/39,confirmed_1897,37,1901.53.3.png,Bronze arm-ring,Appendix 4,91,available,1,true,true,true
1901.53.4,,Bronze pellet bell,Stevens Auction Rooms,Purchased at Stevens Auction Rooms on Feb 12 1901 by George Fabian Lawrence for the Pitt Rivers Museum. See discussion in Section 2.4,2.4,Listed in Dark 1982 on p. 2.1.34 as RO/34-RO/39,confirmed_1897,37,1901.53.4.png,Bronze pellet bell,Appendix 4,92,available,1,true,true,true
1901.53.5,,Bronze pellet bell,Stevens Auction Rooms,Purchased at Stevens Auction Rooms on Feb 12 1901 by George Fabian Lawrence for the Pitt Rivers Museum. See discussion in Section 2.4,2.4,Listed in Dark 1982 on p. 2.1.34 as RO/34-RO/39,confirmed_1897,37,,Bronze pellet bell,Appendix 4,92,no_image,1,true,false,true
1901.53.6,,Bronze pellet bell,Stevens Auction Rooms,Purchased at Stevens Auction Rooms on Feb 12 1901 by George Fabian Lawrence for the Pitt Rivers Museum. See discussion in Section 2.4,2.4,Listed in Dark 1982 on p. 2.1.34 as RO/34-RO/39,confirmed_1897,37,1901.53.6.png,Bronze pellet bell,Appendix 4,93,available,1,true,true,true
1901.53.7,,Bronze pellet bell,Stevens Auction Rooms,Purchased at Stevens Auction Rooms on Feb 12 1901 by George Fabian Lawrence for the Pitt Rivers Museum. See discussion in Section 2.4,2.4,Listed in Dark 1982 on p. 2.1.34 as RO/34-RO/39,confirmed_1897,38,,,,,,0,true,false,false
1901.53.8,,Bronze pellet bell,Stevens Auction Rooms,Purchased at Stevens Auction Rooms on Feb 12 1901 by George Fabian Lawrence for the Pitt Rivers Museum. See discussion in Section 2.4,2.4,Listed in Dark 1982 on p. 2.1.34 as RO/34-RO/39,confirmed_1897,38,,,,,,0,true,false,false
1901.53.9,,Bronze pellet bell,Stevens Auction Rooms,Purchased at Stevens Auction Rooms on Feb 12 1901 by George Fabian Lawrence for the Pitt Rivers Museum. See discussion in Section 2.4,2.4,Listed in Dark 1982 on p. 2.1.34 as RO/34-RO/39,confirmed_1897,38,,,,,,0,true,false,false
1901.53.10,,Bronze pellet bell,Stevens Auction Rooms,Purchased at Stevens Auction Rooms on Feb 12 1901 by George Fabian Lawrence for the Pitt Rivers Museum. See discussion in Section 2.4,2.4,Listed in Dark 1982 on p. 2.1.34 as RO/34-RO/39,confirmed_1897,38,,,,,,0,true,false,false
1901.53.11,,Bronze pellet bell,Stevens Auction Rooms,Purchased at Stevens Auction Rooms on Feb 12 1901 by George Fabian Lawrence for the Pitt Rivers Museum. See discussion in Section 2.4,2.4,Listed in Dark 1982 on p. 2.1.34 as RO/34-RO/39,confirmed_1897,38,,,,,,0,true,false,false
1901.54.1,,Ground stone axe mounted in bronze,Stevens Auction Rooms,Purchased at Stevens Auction Rooms on Feb 12 1901 for the Pitt Rivers Museum. See discussion in Section 2.4,2.4,Listed in Dark 1982 on p. 2.1.33 as B9/51,confirmed_1897,38,1901.54.1.png,Ground stone axe mounted in bronze,Appendix 4,96,available,1,true,true,true
1901.54.2,,Bronze weight,Stevens Auction Rooms,Purchased at Stevens Auction Rooms on Feb 12 1901 for the Pitt Rivers Museum. See discussion in Section 2.4,2.4,Listed in Dark 1982 on p. 2.1.33 as B9/57,confirmed_1897,38,1901.54.2.png,Bronze weight,Appendix 4,97,available,1,true,true,true
1901.56.1,,Bronze pendant from a ceremonial necklace in the form of a polished stone axe,Stevens Auction Rooms,Purchased at Stevens Auction Rooms on Feb 12 1901 for the Pitt Rivers Museum (Lot 130). See discussion in Section 2.4,2.4,Listed in Dark 1982 on p. 2.1.33 as B9/67,confirmed_1897,38,1901.56.1.png,Bronze pendant from a ceremonial necklace in the form of a polished stone axe,Appendix 4,98,available,1,true,true,true
1901.56.2,,Bronze pendant from a ceremonial necklace in the form of a polished stone axe,Stevens Auction Rooms,Purchased at Stevens Auction Rooms on Feb 12 1901 for the Pitt Rivers Museum (Lot 130). See discussion in Section 2.4,2.4,Listed in Dark 1982 on p. 2.1.33 as B9/72,confirmed_1897,38,1901.56.2.png,Bronze pendant from a ceremonial necklace in the form of a polished stone axe,Appendix 4,99,available,1,true,true,true
1902.52.1,,Wooden crossbow stock,E.F. Martin,"Donation received by the Pitt Rivers Museum in 1902 from E.F. Martin. Recorded as from Oboru-Kitty, circa 14 miles from the Niger River, 30-40 miles east of Benin City. See discussion in Section 3.3",3.3,Summary table lists accession under objects possibly taken during the Benin Punitive Expedition,possible_1897,26,1902.52.1_1.png,Wooden crossbow stock,Appendix 5,179,available,1,true,true,true
1907.66.1,,Brass plaque with relief decoration depicting three human figures,Thomas Francis Embury,"Purchased by the Pitt Rivers Museum from “F. Embury” in 1907. Recorded as having been “hidden away from our soldiers after the capture of Benin on the punitive expedition of 1897, and brought to Lagos by a native trading woman from whom it was obtained by Mr Embury”. See discussion in Section 2.16",2.16,"Listed in Dark 1982 on p. 2.1.31 as B8/60; Listed in Gunsch 2018, p. 227 and reproduced in Figure 6.61 as 2A",confirmed_1897,39,1907.66.1_1.png,Brass plaque with relief decoration depicting three human figures,Appendix 4,100,available,1,true,true,true
1908.41.1,,Brass plaque with relief decoration depicting fish,Henry Nilus Thompson,Donated to the Pitt Rivers Museum in December 1908 by Henry Nilus Thompson. See discussion in Section 2.8,2.8,"Listed in Dark 1982 on p. 2.1.32 as B8/63; Listed in Gunsch 2018, p. 227",confirmed_1897,39,,,,,,0,true,false,false
1908.41.2,,Brass plaque with relief decoration depicting fish,Henry Nilus Thompson,Donated to the Pitt Rivers Museum in December 1908 by Henry Nilus Thompson. See discussion in Section 2.8,2.8,"Listed in Dark 1982 on p. 2.1.32 as B8/64; Listed in Gunsch 2018, p. 227",confirmed_1897,39,,,,,,0,true,false,false
1908.41.3,,Brass plaque with relief decoration depicting a serpent,Henry Nilus Thompson,Donated to the Pitt Rivers Museum in December 1908 by Henry Nilus Thompson. See discussion in Section 2.8,2.8,"Listed in Dark 1982 on p. 2.1.31 as B8/61; Listed in Gunsch 2018, p. 227",confirmed_1897,39,1908.41.3.png,Brass plaque with relief decoration depicting a serpent,Appendix 4,102,available,1,true,true,true
1908.41.4,,Brass plaque with relief decoration depicting a crocodile’s head,Henry Nilus Thompson,Donated to the Pitt Rivers Museum in December 1908 by Henry Nilus Thompson. See discussion in Section 2.8,2.8,"Listed in Dark 1982 on p. 2.1.32 as B8/65; Listed in Gunsch 2018, p. 227",confirmed_1897,39,,,,,,0,true,false,false
1908.65.1,,Brass plaque with relief decoration depicting a leopard skin,Stevens Auction Rooms,Purchased at Stevens Auction Rooms on Feb 8 1908 for the Pitt Rivers Museum. See discussion in Section 2.4,2.4,"Listed in Dark 1982 on p. 2.1.32 as B8/66; Listed in Gunsch 2018, p. 227",confirmed_1897,39,1908.65.1.png,Brass plaque with relief decoration depicting a leopard skin,Appendix 4,103,available,1,true,true,true
1909.1.1,,Ivory mount from a ceremonial staff depicting a horse-man,Henry Nilus Thompson,Donated to the Pitt Rivers Museum in December 1909 by Henry Nilus Thompson. See discussion in Section 2.8,2.8,Listed in Dark 1982 on p. 2.1.32 as B8/76,confirmed_1897,40,1909.1.1_1.png,Ivory tusk pendant carved with representation of standing figure of an oba,Appendix 4,104,available,1,true,true,true
1909.1.2,,Bronze staff with double human figures at either end,recorded by Phil Dark as “a wand for the Oba’s messenger”,Henry Nilus Thompson,Donated to the Pitt Rivers Museum in December 1909 by Henry Nilus Thompson. See discussion in Section 2.8,2.8,listed in dark 1982 on p. 2.1.32 as b9/14,confirmed_1897,1909.1.2.png,Bronze staff,Appendix 4,105,available,1,true,true,true
1909.11.1.1,,Wooden box,Colonel Frederick William Bainbridge Landon,Donated to the Pitt Rivers Museum by Mrs H.K. Eden in 1909. Recorded by her as having been looted by Colonel Frederick William Bainbridge Landon in the 1897 attack. See discussion in Section 2.12,2.12,Listed in Dark 1982 on p. 2.1.33 as RO/9,confirmed_1897,40,1909.11.1.1_1.png,Wooden box lid,Appendix 4,106,available,1,true,true,true
1909.11.1.2,,Wooden lid with carved decoration,Colonel Frederick William Bainbridge Landon,Donated to the Pitt Rivers Museum by Mrs H.K. Eden in 1909. Recorded by her as having been looted by Colonel Frederick William Bainbridge Landon in the 1897 attack. See discussion in Section 2.12,2.12,Listed in Dark 1982 on p. 2.1.33 as RO/9,confirmed_1897,40,1909.11.1.1_1.png,Wooden box lid,Appendix 4,106,available,1,true,true,true
1909.61.1,,Bronze imitation of a polished stone axe,William John Ansorge,"Purchased by the Pitt Rivers Museum from William Downing Webster in 1908, and recorded as from a collection made by Dr William John Ansorge. See discussion in Section 2.6",2.6,Listed in Dark 1982 on p. 2.1.33 as B9/49,confirmed_1897,40,1909.61.1.png,Bronze pendant from a ceremonial necklace in the form of a polished stone axe,Appendix 4,107,available,1,true,true,true
1909.61.2,,Bronze imitation of a polished stone axe,William John Ansorge,"Purchased by the Pitt Rivers Museum from William Downing Webster in 1908, and recorded as from a collection made by Dr William John Ansorge. See discussion in Section 2.6",2.6,Listed in Dark 1982 on p. 2.1.79 as G4/74-G4/79,confirmed_1897,40,1909.61.2.png,Bronze pendant from a ceremonial necklace in the form of a polished stone axe,Appendix 4,108,available,1,true,true,true
1909.61.3,,Bronze imitation of a polished stone axe,William John Ansorge,"Purchased by the Pitt Rivers Museum from William Downing Webster in 1908, and recorded as from a collection made by Dr William John Ansorge. See discussion in Section 2.6",2.6,Listed in Dark 1982 on p. 2.1.79 as G4/74-G4/79,confirmed_1897,40,1909.61.3.png,Bronze pendant from a ceremonial necklace in the form of a polished stone axe,Appendix 4,109,available,1,true,true,true
1909.61.4,,Bronze imitation of a polished stone axe,William John Ansorge,"Purchased by the Pitt Rivers Museum from William Downing Webster in 1908, and recorded as from a collection made by Dr William John Ansorge. See discussion in Section 2.6",2.6,Listed in Dark 1982 on p. 2.1.79 as G4/74-G4/79,confirmed_1897,40,1909.61.4.png,Bronze pendant from a ceremonial necklace in the form of a polished stone axe,Appendix 4,110,available,1,true,true,true
1909.61.5,,Bronze imitation of a polished stone axe,William John Ansorge,"Purchased by the Pitt Rivers Museum from William Downing Webster in 1908, and recorded as from a collection made by Dr William John Ansorge. See discussion in Section 2.6",2.6,Listed in Dark 1982 on p. 2.1.79 as G4/74-G4/79,confirmed_1897,40,1909.61.5_1.png,Bronze pendant from a ceremonial necklace in the form of a polished stone axe,Appendix 4,111,available,1,true,true,true
1909.61.6,,Bronze imitation of a polished stone axe,William John Ansorge,"Purchased by the Pitt Rivers Museum from William Downing Webster in 1908, and recorded as from a collection made by Dr William John Ansorge. See discussion in Section 2.6",2.6,Listed in Dark 1982 on p. 2.1.79 as G4/74-G4/79,confirmed_1897,40,1909.61.6.png,Bronze pendant from a ceremonial necklace in the form of a polished stone axe,Appendix 4,112,available,1,true,true,true
1909.61.7,,Bronze imitation of a polished stone axe,William John Ansorge,"Purchased by the Pitt Rivers Museum from William Downing Webster in 1908, and recorded as from a collection made by Dr William John Ansorge. See discussion in Section 2.6",2.6,Listed in Dark 1982 on p. 2.1.79 as G4/74-G4/79,confirmed_1897,41,1909.61.7.png,Bronze pendant from a ceremonial necklace in the form of a polished stone axe,Appendix 4,113,available,1,true,true,true
1909.67.22,,Bronze bracelet,,,1.2,Backfilled from artifact image page; image says 'See discussion in Section 1.2',,180,1909.67.22.png,Bronze bracelet,Appendix 5,180,available,1,true,true,true
1909.67.25,,Pair of bronze anklets,,,1.2,Backfilled from artifact image page; image says 'See discussion in Section 1.2',,181,1909.67.25.png,Pair of bronze anklets,Appendix 5,181,available,1,true,true,true
1909.67.26,,Pair of bronze anklets,,,1.2,Backfilled from shared artifact image page with 1909.67.25; image says 'See discussion in Section 1.2',,181,1909.67.25.png,Pair of bronze anklets,Appendix 5,181,available,1,true,true,true
1909.67.33,,Bronze lampstand,,,1.2,Backfilled from artifact image page; image says 'See discussion in Section 1.2',,182,1909.67.33.png,Bronze lampstand,Appendix 5,182,available,1,true,true,true
1909.67.35,,String of crotals,,,1.2,Backfilled from artifact image page; image says 'See discussion in Section 1.2',,183,1909.67.35.png,String of crotals,Appendix 5,183,available,1,true,true,true
1909.67.36,,String of crotals,,,1.2,Backfilled from artifact image page; image says 'See discussion in Section 1.2',,184,1909.67.36.png,String of crotals,Appendix 5,184,available,1,true,true,true
1917.2.13,,Bronze hip-ornament mask,Sir George Chardin Denton,"Donated to the Pitt Rivers Museum in 1917 by Sir George Chardin Denton, who had been Colonial Secretary of the Colony of Lagos from 1889 to 1900, then Administrator (renamed in 1901 Governor) of the Gambia until 1911. See discussion in Section 2.17",2.17,Listed in Dark 1982 on p. 2.1.32 as B8/73,confirmed_1897,41,1917.2.13.png,Bronze face pendant,Appendix 4,114,available,1,true,true,true
1917.38.1,,Bronze bell,Beatrice Braithwaite Batty,Donated to the Pitt Rivers Museum in 1917 by Beatrice Braithwaite Batty. See discussion in Section 2.14,2.14,Listed in Dark 1982 on p. 2.1.32 as B9/8,confirmed_1897,41,1917.38.1_1.png,Bronze bell,Appendix 4,115,available,1,true,true,true
1917.38.2,,Bronze bell,Beatrice Braithwaite Batty,Donated to the Pitt Rivers Museum in 1917 by Beatrice Braithwaite Batty. See discussion in Section 2.14,2.14,Listed in Dark 1982 on p. 2.1.32 as B9/9,confirmed_1897,41,1917.38.2.png,Bronze bells,Appendix 4,116,available,1,true,true,true
1922.67.1,,Crossbow,,,3.5,Backfilled from artifact image page; image says 'See discussion in Section 3.5',possible_1897,185,1922.67.1.png,Crossbow,Appendix 5,185,available,1,true,true,true
1923.2.1,,Sword,,,3.5,Backfilled from artifact image page; image says 'See discussion in Section 3.5',possible_1897,186,1923.2.1.png,Sword,Appendix 5,186,available,1,true,true,true
1932.88.863,,Bronze lamp,William Downing Webster,"Purchased from William Downing Webster in 1901 by Henry Balfour, and accessioned into the Pitt Rivers Museum later. Publication note cropped in screenshot.",2.5,,listed in dark 1982 on p. 2.1.32 as b9/4,confirmed_1897,1932.88.863.png,Brass object,Appendix 4,117,available,1,true,true,true
1932.88.864,,Bronze lamp,Henry Balfour,"Obtained in 1900 by Henry Balfour “by exchange”, and accessioned into the Pitt Rivers Museum collections by Balfour in 1932. See discussion in Section 2.15",2.15,Listed in Dark 1982 on p. 2.1.32 as B9/3,confirmed_1897,42,1932.88.864_1.png,Brass vessel with iron carrying frame,Appendix 4,118,available,1,true,true,true
1934.46.3,,Wooden staff or club,,,3.6,Backfilled from shared artifact image page with 1923.2.1; image says 'See discussion in Section 3.6',possible_1897,186,1923.2.1.png,Wooden staff or club,Appendix 5,186,available,1,true,true,true
1938.31.27,,,,,3.7,,,,,,Appendix 5,186,no_image,1,false,false,false
1938.34.94,,Ivory side-blast trumpet,Thomas William Taphouse,"Purchased from Thomas William Taphouse in 1905 by Henry Balfour, and accessioned into the Pitt Rivers Museum collections by Balfour in 1938. See discussion in Section 2.18",2.18,Listed in Dark 1982 on p. 2.1.33 as B9/66,possible_1897,42,1938.34.94_1.png,Ivory tusk,Appendix 4,119,available,1,true,true,true
1941.2.117,,Bronze Bell,Cranmore Ethnological Museum,"Donated to the Pitt Rivers Museum in 1941 from Harry Geoffrey Beasley’s Cranmore Ethnological Museum when it closed. Beasley had purchased it from F.L. Goodman, per Thomas Athol Joyce on 14 August 1928. See discussion in Section 2.9",2.9,Listed in Dark 1982 on p. 2.1.32 as B9/28,confirmed_1897,42,1941.2.117.png,Bronze bell,Appendix 4,120,available,1,true,true,true
1941.2.118,,Bronze Bell,Cranmore Ethnological Museum,Donated to the Pitt Rivers Museum in 1941 from Harry Geoffrey Beasley’s Cranmore Ethnological Museum when it closed. Beasley had purchased it from a dealer in Newbury on 16 Feb 1932. See discussion in Section 2.9,2.9,Listed in Dark 1982 on p. 2.1.32 as B9/29,confirmed_1897,42,1941.2.118.png,Bronze bell,Appendix 4,121,available,1,true,true,true
1941.2.119,,Bronze Bell,Cranmore Ethnological Museum,Donated to the Pitt Rivers Museum in 1941 from Harry Geoffrey Beasley’s Cranmore Ethnological Museum when it closed. Beasley had purchased it at Stevens Auction Rooms on 31 May 1935. See discussion in Section 2.9,2.9,Listed in Dark 1982 on p. 2.1.32 as B9/27,confirmed_1897,42,1941.2.119.png,Bronze bell,Appendix 4,122,available,1,true,true,true
1941.2.124,,Wooden rattle staff,Cranmore Ethnological Museum,Donated to the Pitt Rivers Museum in 1941 from Harry Geoffrey Beasley’s Cranmore Ethnological Museum when it closed. See discussion in Section 2.9,2.9,Listed in Dark 1982 on p. 2.1.33 as B9/46,confirmed_1897,42,1941.2.124.png,Wooden staff finial,Appendix 4,123,available,1,true,true,true
1946.6.80,,Bronze bell,Dr Mervyn David Waldegrave Jeffreys,Donated to the Pitt Rivers Museum in 1946 by Dr Mervyn David Waldegrave Jeffreys of the University of Witwatersrand. See discussion in Section 2.19,2.19,Listed in Dark 1982 on p. 2.1.32 as B9/10,confirmed_1897,43,1946.6.80_1.png,Brass bell fragment,Appendix 4,124,available,1,true,true,true
1965.9.1 B,,Brass hip ornament mask,Pitt-Rivers Museum,"Purchased by Pitt-Rivers for his second museum on 11 May 1898, from William Downing Webster. Sold off by the Pitt-Rivers family through the Parke-Benet Galleries in New York City, and bought by the Pitt Rivers Museum from the gallery. See discussion in Section 2.7 and illustration in Appendix 3",2.7,Pitt-Rivers Second Collection volume 5 page 1593; Listed in Dark 1982 on p. 2.1.1 as O/34; Reproduced in Pitt-Rivers 1900 on p. 20 as figures 62 and 63,confirmed_1897,43,1965.9.1.png,Leopard mask,Appendix 4,125,available,1,true,true,true
1966.13.1,,Bronze head,Pitt-Rivers Museum,"Purchased by Augustus Pitt-Rivers for £19 for his second museum on 13 August 1898, from William Downing Webster. Sold off by the Pitt-Rivers family at Sotheby’s on 15 Nov 1965 and purchased by K.J. Hewett for £2,800. See discussion in Section 2.7 and illustration in Appendix 3. In an appeal to the Reviewing Committee on the Export of Works of Art on 31 Jan 1965, its export to Paris was authorised. Following negotiations it was purchased by the Pitt Rivers Museum (Oxford) from Charles Ratton.",2.7,"Pitt-Rivers Second Collection volume 5, page 1699; Listed in Dark 1982 on p. 2.1.3 as 1/1",confirmed_1897,43,1966.13.1_1.png,Pitt-Rivers catalogue card showing bronze head,Appendix 3,51,available,2,true,true,true
1967.45.1,,Terracotta head,,,1.2,Backfilled from artifact image page; image says 'See discussion in Section 1.2',,187,1967.45.1.png,Terracotta head,Appendix 5,187,available,1,true,true,true
1970.16.1,,Group of heads,,,3.8,Backfilled from artifact image page; image says 'See discussion in Section 3.8',possible_1897,188,1970.16.1.png,Group of heads,Appendix 5,188,available,1,true,true,true
1975.7.1,,Bronze figure of a man wearing a rope harness,Pitt-Rivers Museum,"Purchased by Augustus Pitt-Rivers for his second museum on 13 August 1898, from William Downing Webster. Sold off by the Pitt-Rivers family through the Parke-Benet Galleries in New York City, and bought by the Pitt Rivers Museum from the gallery. See discussion in Section 2.7 and illustrations in Appendix 3",2.7,"Pitt-Rivers Second Collection volume 5, page 1711; Listed in Dark 1982 on p. 2.1.3 as O/79",confirmed_1897,43,1975.7.1.png,Figure,Appendix 3,127,available,1,true,true,true
1975.7.2,,Bronze cylindrical vessel with decoration depicting animal and human heads,Pitt-Rivers Museum,"Purchased by Augustus Pitt-Rivers for his second museum on 7 Nov 1899 at Stevens’ Auction Rooms. Sold off by the Pitt-Rivers family through the Parke-Benet Galleries in New York City, and bought by the Pitt Rivers Museum from the gallery. See discussion in Section 2.7 and illustrations in Appendix 3",2.7,"Pitt-Rivers Second Collection volume 6, p. 1991; Listed in Dark 1982 on p. 2.1.6 as 2/38",confirmed_1897,44,1975.7.2_1.png,Pitt-Rivers catalogue card showing cylindrical metal box,Appendix 3,52,available,2,true,true,true
1979.8.1,,Wooden stool with carved decoration depicting human figures,Reginald Kerr Granville,Looted by Reginald Kerr Granville in 1897; purchased by the Pitt Rivers Museum from his grandson John Granville in June 1979. See discussion in Section 2.20,2.20,unpublished,confirmed_1897,44,1979.8.1.png,Brass stool,Appendix 4,129,available,1,true,true,true
1980.19.1,,Bronze figure of a hippo,probably broken from a staff,Unknown,Recorded on the museum database as “found unentered in 1980”. See discussion in Section 2.21,2.21,unpublished,possible_1897,1980.19.1.png,Animal figure finial,Appendix 4,130,available,1,true,true,true
1983.25.1,,Brass hip-ornament mask,Harold Mordley Douglas,"Part of the Reitlinger Gift to the University of Oxford in 1983, and currently on long-term loan from the Ashmolean Museum to the Pitt Rivers Museum. Purchased by Gerald Roberts Reitlinger in 1978 and recorded as being “originally in the possession of Harold Moseley Douglas [sic], appointed Governor of Benin City after the punitive expedition of 1897”. This is a reference to Harold Mordley Douglas who was appointed Assistant District Commissioner for Niger Coast Protectorate in January 1898. See discussion in Section 2.11",2.11,unpublished,confirmed_1897,44,1983.25.1.png,Bronze head pendant,Appendix 4,131,available,1,true,true,true
1983.25.2,,Brass hip-ornament mask,Harold Mordley Douglas,"Part of the Reitlinger Gift to the University of Oxford in 1983, and currently on long-term loan from the Ashmolean Museum to the Pitt Rivers Museum. Purchased by Gerald Roberts Reitlinger in 1978 and recorded as being “originally in the possession of Harold Moseley Douglas [sic], appointed Governor of Benin City after the punitive expedition of 1897”. This is a reference to Harold Mordley Douglas who was appointed Assistant District Commissioner for Niger Coast Protectorate in January 1898. See discussion in Section 2.11",2.11,unpublished,confirmed_1897,45,1983.25.2_1.png,Bronze head pendant,Appendix 4,132,available,1,true,true,true
1983.25.3,,Brass hip-ornament mask,Harold Mordley Douglas,"Part of the Reitlinger Gift to the University of Oxford in 1983, and currently on long-term loan from the Ashmolean Museum to the Pitt Rivers Museum. Purchased by Gerald Roberts Reitlinger in 1978 and recorded as being “originally in the possession of Harold Moseley Douglas [sic], appointed Governor of Benin City after the punitive expedition of 1897”. This is a reference to Harold Mordley Douglas who was appointed Assistant District Commissioner for Niger Coast Protectorate in January 1898. See discussion in Section 2.11",2.11,unpublished,confirmed_1897,45,1983.25.3.png,Bronze head pendant,Appendix 4,133,available,1,true,true,true
1988.11.1,,Wooden comb,Pitt-Rivers Museum,Donated to Augustus Pitt-Rivers from Henry Ling Roth for his second museum in May 1898. Sold off by the Pitt-Rivers family at some point and bought by the Pitt Rivers Museum at Christie’s in 1988. See discussion in Section 2.7 and illustrations in Appendix 3,2.7,"Pitt-Rivers Second Collection catalogue vol 5, p. 1681",confirmed_1897,45,1988.11.1.png,Comb,Appendix 3,134,available,1,true,true,true
1988.11.2,,Wooden comb,Pitt-Rivers Museum,Donated to Augustus Pitt-Rivers from Henry Ling Roth for his second museum in May 1898. Sold off by the Pitt-Rivers family at some point and bought by the Pitt Rivers Museum at Christie’s in 1988. See discussion in Section 2.7 and illustrations in Appendix 3,2.7,"Pitt-Rivers Second Collection catalogue vol 5, p. 1681",confirmed_1897,46,1988.11.2_1.png,Double comb,Appendix 3,135,available,1,true,true,true
1991.13.1,,Carved ivory tusk burnt in the fires during the desecration of Benin City,Admiral Sir George Le Clerc Egerton,On loan to Oxford University from the Egerton-Dumas Trust. Looted in the 1897 expedition by Admiral Sir George Le Clerc Egerton. See discussion in Section 2.2,2.2,unpublished,confirmed_1897,47,1991.13.1_3.png,Carved tusks (1991.13.1 and 1991.13.2 shown together),,136,available,1,true,true,true
1991.13.2,,Carved ivory tusk,Admiral Sir George Le Clerc Egerton,On loan to Oxford University from the Egerton-Dumas Trust. Looted in the 1897 expedition by Admiral Sir George Le Clerc Egerton. See discussion in Section 2.2,2.2,unpublished,confirmed_1897,47,1991.13.1_3.png,Carved tusks (1991.13.1 and 1991.13.2 shown together),,136,available,1,true,true,true
1991.13.3,,Silver-plated ceremonial sword (eben) stamped as made by the British firm of Mappin & Webb. Probably the sword made for the Oba by the trader Cyril Punch in circa 1892,Admiral Sir George Le Clerc Egerton,On loan to Oxford University from the Egerton-Dumas Trust. Looted in the 1897 expedition by Admiral Sir George Le Clerc Egerton. See discussion in Section 2.2,2.2,"Described in a quotation from Punch reproduced in Ling-Roth 1903, page 227",confirmed_1897,47,1991.13.3.png,Ceremonial blade,,137,available,1,true,true,true
1991.13.4,,Ivory ladle with inlaid bronze and a bronze human figure on the handle,Admiral Sir George Le Clerc Egerton,On loan to Oxford University from the Egerton-Dumas Trust. Looted in the 1897 expedition by Admiral Sir George Le Clerc Egerton. See discussion in Section 2.2,2.2,unpublished,confirmed_1897,47,,,,,,0,true,false,false
1991.13.5,,Ivory commemorative head with eyes inlaid with bronze,Admiral Sir George Le Clerc Egerton,On loan to Oxford University from the Egerton-Dumas Trust. Looted in the 1897 expedition by Admiral Sir George Le Clerc Egerton. See discussion in Section 2.2,2.2,Reproduced in von Luschan 1919 on page 476 as figure 804,confirmed_1897,47,1991.13.5.png,Carved object with face,,138,available,1,true,true,true
1991.13.6,,Ivory pedestal bowl inlaid with bronze,Admiral Sir George Le Clerc Egerton,On loan to Oxford University from the Egerton-Dumas Trust. Looted in the 1897 expedition by Admiral Sir George Le Clerc Egerton. See discussion in Section 2.2,2.2,Reproduced in von Luschan 1919 on page 487 as figures 839 and 841,confirmed_1897,47,1991.13.6.png,Pedestal bowl,,139,available,1,true,true,true
1991.13.7,,Ivory lid with five projections,Admiral Sir George Le Clerc Egerton,On loan to Oxford University from the Egerton-Dumas Trust. Looted in the 1897 expedition by Admiral Sir George Le Clerc Egerton. See discussion in Section 2.2,2.2,Reproduced in von Luschan 1919 on page 487 as figure 838,confirmed_1897,47,1991.13.7.png,Ivory stand or base,,140,available,1,true,true,true
1991.13.8,,Brass relief plaque depicting three figures,the central one holding a ceremonial box,Admiral Sir George Le Clerc Egerton,On loan to Oxford University from the Egerton-Dumas Trust. Looted in the 1897 expedition by Admiral Sir George Le Clerc Egerton. See discussion in Section 2.2,2.2,"listed in gunsch 2018, p. 227",confirmed_1897,1991.13.8.png,Plaque with three figures,,141,available,1,true,true,true
1991.13.9,,Ivory carved figure,probably broken from a ceremonial staff or flywhisk,Admiral Sir George Le Clerc Egerton,On loan to Oxford University from the Egerton-Dumas Trust. Looted in the 1897 expedition by Admiral Sir George Le Clerc Egerton. See discussion in Section 2.2,2.2,reproduced in von luschan 1919 on page 414 as figure 639,confirmed_1897,1991.13.9.png,Carved ivory object,,142,available,1,true,true,true
1991.13.10.1,,Bronze ring-shaped container with incised decoration depicting a fish,Admiral Sir George Le Clerc Egerton,On loan to Oxford University from the Egerton-Dumas Trust. Looted in the 1897 expedition by Admiral Sir George Le Clerc Egerton. See discussion in Section 2.2,2.2,unpublished,confirmed_1897,47,1991.13.10.1.png,Decorated vessel or lid component,,143,available,1,true,true,true
1991.13.10.2,,Bronze lid for container (1991.13.10.2),Admiral Sir George Le Clerc Egerton,On loan to Oxford University from the Egerton-Dumas Trust. Looted in the 1897 expedition by Admiral Sir George Le Clerc Egerton. See discussion in Section 2.2,2.2,unpublished,confirmed_1897,47,1991.13.10.2.png,Decorated vessel shown open,,144,available,1,true,true,true
1991.13.11,,Bronze altar-piece base,Admiral Sir George Le Clerc Egerton,On loan to Oxford University from the Egerton-Dumas Trust. Looted in the 1897 expedition by Admiral Sir George Le Clerc Egerton. See discussion in Section 2.2,2.2,unpublished,confirmed_1897,47,1991.13.11.png,Square carved block or base,,145,available,1,true,true,true
1991.13.12,,Bronze armlet,Admiral Sir George Le Clerc Egerton,On loan to Oxford University from the Egerton-Dumas Trust. Looted in the 1897 expedition by Admiral Sir George Le Clerc Egerton. See discussion in Section 2.2,2.2,Reproduced in von Luschan 1919 on page 395 as figure 592,confirmed_1897,47,1991.13.12.png,Decorated cylindrical vessel,,146,available,1,true,true,true
1991.13.13,,Bronze armlet,Admiral Sir George Le Clerc Egerton,On loan to Oxford University from the Egerton-Dumas Trust. Looted in the 1897 expedition by Admiral Sir George Le Clerc Egerton. See discussion in Section 2.2,2.2,Reproduced in von Luschan 1919 on page 396 as figure 596,confirmed_1897,47,1991.13.13.png,Ridged cylindrical vessel,,147,available,1,true,true,true
1991.13.14,,Gilded bronze armlet,Admiral Sir George Le Clerc Egerton,On loan to Oxford University from the Egerton-Dumas Trust. Looted in the 1897 expedition by Admiral Sir George Le Clerc Egerton. See discussion in Section 2.2,2.2,Reproduced in von Luschan 1919 on page 395 as figure 593,confirmed_1897,47,1991.13.14.png,Decorated cylindrical vessel,,148,available,1,true,true,true
1991.13.15,,Bronze armlet,Admiral Sir George Le Clerc Egerton,On loan to Oxford University from the Egerton-Dumas Trust. Looted in the 1897 expedition by Admiral Sir George Le Clerc Egerton. See discussion in Section 2.2,2.2,Reproduced in von Luschan 1919 on page 395 as figure 594,confirmed_1897,48,1991.13.15_1.png,Decorated cylindrical vessel,,149,available,1,true,true,true
1991.13.16,,Ivory armlet with inlaid bronze,Admiral Sir George Le Clerc Egerton,On loan to Oxford University from the Egerton-Dumas Trust. Looted in the 1897 expedition by Admiral Sir George Le Clerc Egerton. See discussion in Section 2.2,2.2,unpublished,confirmed_1897,48,1991.13.16.png,Carved ring-shaped object,,150,available,1,true,true,true
1991.13.17.1,,Ceremonial sword (ada),Admiral Sir George Le Clerc Egerton,On loan to Oxford University from the Egerton-Dumas Trust. Looted in the 1897 expedition by Admiral Sir George Le Clerc Egerton. See discussion in Section 2.2,2.2,Reproduced in von Luschan 1919 on page 442 as figure 704a; Reproduced in Girshick Ben-Amos 1995 on page 24 as plate 13,confirmed_1897,48,1991.13.17.1.png,Net-covered ceremonial object,,151,available,1,true,true,true
1991.13.17.2,,Coralwork sheath for ceremonial sword (1991.13.17.1),Admiral Sir George Le Clerc Egerton,On loan to Oxford University from the Egerton-Dumas Trust. Looted in the 1897 expedition by Admiral Sir George Le Clerc Egerton. See discussion in Section 2.2,2.2,Reproduced in von Luschan 1919 on page 442 as figure 704a; Reproduced in Girshick Ben-Amos 1995 on page 24 as plate 13,confirmed_1897,48,1991.13.17.1.png,Net-covered ceremonial object,,151,available,1,true,true,true
1991.13.18,,Ceremonial sword (ada),Admiral Sir George Le Clerc Egerton,On loan to Oxford University from the Egerton-Dumas Trust. Looted in the 1897 expedition by Admiral Sir George Le Clerc Egerton. See discussion in Section 2.2,2.2,unpublished,confirmed_1897,48,1991.13.18.png,Pair of curved blades,,152,available,1,true,true,true
1991.13.19,,Ceremonial sword (ada),Admiral Sir George Le Clerc Egerton,On loan to Oxford University from the Egerton-Dumas Trust. Looted in the 1897 expedition by Admiral Sir George Le Clerc Egerton. See discussion in Section 2.2,2.2,unpublished,confirmed_1897,48,1991.13.19.png,Pair of curved blades,,153,available,1,true,true,true
1991.13.20,,Side-blown ivory trumpet,Admiral Sir George Le Clerc Egerton,On loan to Oxford University from the Egerton-Dumas Trust. Looted in the 1897 expedition by Admiral Sir George Le Clerc Egerton. See discussion in Section 2.2,2.2,unpublished,confirmed_1897,48,1991.13.20.png,Carved tusk or horn,,154,available,1,true,true,true
1991.13.21,,Gilded bronze cone-shaped hip ornament,Admiral Sir George Le Clerc Egerton,On loan to Oxford University from the Egerton-Dumas Trust. Looted in the 1897 expedition by Admiral Sir George Le Clerc Egerton. See discussion in Section 2.2,2.2,unpublished,confirmed_1897,48,1991.13.21.png,Conical decorated metal object,,155,available,1,true,true,true
1991.13.22,,Gilded bronze cone-shaped hip ornament,Admiral Sir George Le Clerc Egerton,On loan to Oxford University from the Egerton-Dumas Trust. Looted in the 1897 expedition by Admiral Sir George Le Clerc Egerton. See discussion in Section 2.2,2.2,unpublished,confirmed_1897,48,1991.13.22.png,Conical decorated metal object,,156,available,1,true,true,true
1991.13.23,,Gilded bronze cone-shaped hip ornament,Admiral Sir George Le Clerc Egerton,On loan to Oxford University from the Egerton-Dumas Trust. Looted in the 1897 expedition by Admiral Sir George Le Clerc Egerton. See discussion in Section 2.2,2.2,unpublished,confirmed_1897,48,1991.13.23.png,Conical decorated metal object,,157,available,1,true,true,true
1991.13.24,,Gilded bronze cone-shaped hip ornament,Admiral Sir George Le Clerc Egerton,On loan to Oxford University from the Egerton-Dumas Trust. Looted in the 1897 expedition by Admiral Sir George Le Clerc Egerton. See discussion in Section 2.2,2.2,unpublished,confirmed_1897,48,1991.13.24.png,Conical decorated metal object,,158,available,1,true,true,true
1991.13.25,,Bronze altarpiece with figures of the Queen Mother with six attendants,Admiral Sir George Le Clerc Egerton,On loan to Oxford University from the Egerton-Dumas Trust. Looted in the 1897 expedition by Admiral Sir George Le Clerc Egerton. See discussion in Section 2.2,2.2,Reproduced in von Luschan 1919 on page 314 as figure 459,confirmed_1897,48,1991.13.25.png,Figural shrine or altar group,,159,available,1,true,true,true
1991.13.26,,Ivory armlet inlaid with brass,Admiral Sir George Le Clerc Egerton,On loan to Oxford University from the Egerton-Dumas Trust. Looted in the 1897 expedition by Admiral Sir George Le Clerc Egerton. See discussion in Section 2.2,2.2,Reproduced in von Luschan 1919 on page 400 as figure 609,confirmed_1897,481991.13.28,1991.13.26.png,Carved cylindrical vessel,,160,available,1,true,true,true
1991.13.27.1,,Ivory double armlet with carved openwork decoration,Admiral Sir George Le Clerc Egerton,On loan to Oxford University from the Egerton-Dumas Trust. Looted in the 1897 expedition by Admiral Sir George Le Clerc Egerton. See discussion in Section 2.2,2.2,Reproduced in von Luschan 1919 on page 405 as figure 624,confirmed_1897,48,1991.13.27.1.png,Carved cylindrical container,,161,available,1,true,true,true
1991.13.27.2,,Ivory double armlet with carved openwork decoration,Admiral Sir George Le Clerc Egerton,On loan to Oxford University from the Egerton-Dumas Trust. Looted in the 1897 expedition by Admiral Sir George Le Clerc Egerton. See discussion in Section 2.2,2.2,Reproduced in von Luschan 1919 on page 405 as figure 624,confirmed_1897,48,1991.13.27.1.png,Carved cylindrical container,,161,available,1,true,true,true
1991.13.28,,Ivory side-blown trumpet (fragment),Admiral Sir George Le Clerc Egerton,On loan to Oxford University from the Egerton-Dumas Trust. Looted in the 1897 expedition by Admiral Sir George Le Clerc Egerton. See discussion in Section 2.2,2.2,unpublished,confirmed_1897,48,1991.13.28.png,Decorated tapering metal object,,162,available,1,true,true,true
1991.13.32,,Bronze armlet,Admiral Sir George Le Clerc Egerton,On loan to Oxford University from the Egerton-Dumas Trust. Looted in the 1897 expedition by Admiral Sir George Le Clerc Egerton. See discussion in Section 2.2,2.2,unpublished,confirmed_1897,48,1991.13.32.png,Linked bracelet or anklet with bells,,163,available,1,true,true,true
1991.13.33,,Bronze armlet,Admiral Sir George Le Clerc Egerton,On loan to Oxford University from the Egerton-Dumas Trust. Looted in the 1897 expedition by Admiral Sir George Le Clerc Egerton. See discussion in Section 2.2,2.2,unpublished,confirmed_1897,48,1991.13.33.png,Linked bracelet or anklet with bells,,164,available,1,true,true,true
1991.13.34,,Bronze armlet,Admiral Sir George Le Clerc Egerton,On loan to Oxford University from the Egerton-Dumas Trust. Looted in the 1897 expedition by Admiral Sir George Le Clerc Egerton. See discussion in Section 2.2,2.2,unpublished,confirmed_1897,48,1991.13.34.png,Segmented ring or bracelet,,165,available,1,true,true,true
1991.13.35,,Bronze armlet with inset coral,Admiral Sir George Le Clerc Egerton,On loan to Oxford University from the Egerton-Dumas Trust. Looted in the 1897 expedition by Admiral Sir George Le Clerc Egerton. See discussion in Section 2.2,2.2,unpublished,confirmed_1897,48,1991.13.35.png,Circular metal object with projecting studs,,166,available,1,true,true,true
1991.13.36,,Wooden painted altar-piece igibile mask with a canework base,Admiral Sir George Le Clerc Egerton,On loan to Oxford University from the Egerton-Dumas Trust. Looted in the 1897 expedition by Admiral Sir George Le Clerc Egerton. See discussion in Section 2.2,2.2,Reproduced in Fagg 1963 as Plate 107,confirmed_1897,48,1991.13.36.png,Figural bell or pendant,,167,available,1,true,true,true
1991.13.37,,Wooden weaving sword,Admiral Sir George Le Clerc Egerton,On loan to Oxford University from the Egerton-Dumas Trust. Looted in the 1897 expedition by Admiral Sir George Le Clerc Egerton. See discussion in Section 2.2,2.2,unpublished,confirmed_1897,48,1991.13.37.png,Long wooden rod or staff,,168,available,1,true,true,true
1991.13.38,,Wooden lid covered with decorated bronze sheet,Admiral Sir George Le Clerc Egerton,On loan to Oxford University from the Egerton-Dumas Trust. Looted in the 1897 expedition by Admiral Sir George Le Clerc Egerton. See discussion in Section 2.2,2.2,Reproduced in von Luschan 1919 on page 435 as figure 686,confirmed_1897,49,1991.13.38_1.png,Carved domed object with projecting elements,,169,available,1,true,true,true
1991.13.39,,Carved wooden staff with a string of shells attached,Admiral Sir George Le Clerc Egerton,On loan to Oxford University from the Egerton-Dumas Trust. Looted in the 1897 expedition by Admiral Sir George Le Clerc Egerton. See discussion in Section 2.2,2.2,unpublished,confirmed_1897,49,1991.13.39.png,Decorated staff or spear with metal tip,,170,available,1,true,true,true
1991.13.40,,Perforated agate bead,Admiral Sir George Le Clerc Egerton,On loan to Oxford University from the Egerton-Dumas Trust. Looted in the 1897 expedition by Admiral Sir George Le Clerc Egerton. See discussion in Section 2.2,2.2,unpublished,confirmed_1897,49,1991.13.40.png,Elongated bead or spindle-shaped object,,171,available,1,true,true,true
1991.13.41,,Perforated agate bead,Admiral Sir George Le Clerc Egerton,On loan to Oxford University from the Egerton-Dumas Trust. Looted in the 1897 expedition by Admiral Sir George Le Clerc Egerton. See discussion in Section 2.2,2.2,unpublished,confirmed_1897,49,,,,,,0,true,false,false
1991.13.42,,Perforated agate bead,Admiral Sir George Le Clerc Egerton,On loan to Oxford University from the Egerton-Dumas Trust. Looted in the 1897 expedition by Admiral Sir George Le Clerc Egerton. See discussion in Section 2.2,2.2,unpublished,confirmed_1897,49,1991.13.42.png,Elongated bead or spindle-shaped bead,,172,available,1,true,true,true
1991.13.43,,Perforated agate bead,Admiral Sir George Le Clerc Egerton,On loan to Oxford University from the Egerton-Dumas Trust. Looted in the 1897 expedition by Admiral Sir George Le Clerc Egerton. See discussion in Section 2.2,2.2,unpublished,confirmed_1897,49,,,,,,0,true,false,false
1991.13.44,,Perforated agate bead,Admiral Sir George Le Clerc Egerton,On loan to Oxford University from the Egerton-Dumas Trust. Looted in the 1897 expedition by Admiral Sir George Le Clerc Egerton. See discussion in Section 2.2,2.2,unpublished,confirmed_1897,49,,,,,,0,true,false,false
1991.16.1,,Bronze head,,,3.6,Backfilled from artifact image page; image says 'See discussion in Section 3.6',possible_1897,189,1991.16.1_1.png,Bronze head,,189,available,1,true,true,true
1992.20.1,,Standing brass figure holding staff,,,1.2,Backfilled from artifact image page; image says 'See discussion in Section 1.2',,190,1992.20.1.png,Standing brass figure holding staff,,190,available,1,true,true,true
1995.1.2,,Small brass figure,,,1.2,Backfilled from artifact image page; image says 'See discussion in Section 1.2',,191,1995.1.2.png,Small brass figure,,191,available,1,true,true,true
2011.21.1,,,,,1.2,,,,,No image currently available,,192,no_image,1,false,false,false
2012.103.11,,,,,3.9,,,,,Rectangular bronze plaque with fish motifs,,192,missing,1,false,false,false
2012.103.12,,Rectangular bronze plaque with fish motif,,,3.9,Backfilled from artifact image page; image is tied to Section 3.9,possible_1897,193,2012.103.12.png,Rectangular bronze plaque with fish motif,,193,available,1,true,true,true
2012.103.13,,Rectangular bronze plaque with three standing figures,,,3.9,Backfilled from artifact image page; image is tied to Section 3.9,possible_1897,194,2012.103.13_1.png,Rectangular bronze plaque with three standing figures,,194,available,1,true,true,true